year,course_code,name,teacher,faculty,term,schedule,classroom,summary_excerpt,p_key
2026,ACCX331L,会計監査論,山崎　秀彦,社学,春学期,01:月１時限 02:水１時限,01:８-３０８ 02:８-３０８,＊本講義は、2026年度教室における対面授業を原則とします。なお、状況により、......,1800000002012026180000000218
2026,MANX201L,経営学,小阪　玄次郎,社学,春学期,01:月３時限 02:火３時限,01:１４-１０２ 02:１５-１０２,この講義では、経営学の基礎的な概念や分析フレームワークを紹介します。経営学......,1800000004012026180000000418
2026,ACCX321L,原価計算,成岡　浩一,社学,春学期,01:水３時限 02:水４時限,01:３-３０４ 02:３-３０４,原価計算とは、財務諸表の作成や経営管理への活用を目的として原価情報を提供......,1800000010012026180000001018
2026,MANX201L GSSC201L,証券論,葛山　康典,社学,春学期,01:火４時限 02:水４時限,01:１４-４０１ 02:１４-４０１,企業は、様々な地域・通貨で、各々の目的に合致した方法で、経営に必要な資金......,1800000066012026180000006618
2026,ACCX321L,管理会計,齋藤　正章,社学,春学期,01:木３時限 02:木４時限,01:１４-４０１ 02:１４-４０１,管理会計は、“accounting for management”、“managerial accounting”と呼ばれる......,1800000089012026180000008918
2026,ACCX101L,簿記 Ａ,井上　慶太,社学,春学期,01:木１時限 02:木２時限,01:１４-４０２ 02:１４-４０２,企業が社会に公表する財務諸表（損益計算書、貸借対照表などからなる書類）......,1800000104012026180000010418
2026,GSSA101L,社会科学のための数学,葛山　康典,社学,春学期,01:火３時限 02:水３時限,01:１４-６１４ 02:１４-６１４,社会科学の分野では、多くの分野において、数学的手法が活用されています。こ......,1800000114012026180000011418
2026,CMMM101L,マーケティング入門 Ａ,野口　智雄,社学,春学期,無フルOD,-,本年度は、時空間を問わず反復視聴ができ、教育効果も高いオンデマンド配信で......,1800000194012026180000019418
2026,GEOX101L,人文地理学,竹林　和彦,社学,春学期,火４時限,１４-５０２,本授業のテーマは「現代社会の人文地理学（系統地理学）的な考察と理解」である......,1800000214012026180000021418
2026,ANTC101L,文化人類学 １,小長谷　英代,社学,春学期,火３時限,１４-５０２,この授業では文化人類学の基本的な概念や理論について学び、「文化」をめぐる知......,1800000242012026180000024218
2026,MANX101L,社会科学のための基礎コンピュータ Ａ,阿部　圭司,社学,春学期,01:金１時限 02:金２時限,01:１４-６１４ 02:１４-６１４,コンピュータを初めて扱うという学生を対象に，経済・金融データを分析するツー......,1800000254012026180000025418
2026,MANX101L,社会科学のための基礎コンピュータ Ｅ,佐藤　公俊,社学,春学期,01:無フルOD 02:無フルOD,01:- 02:-,※8月24日「成績評価方法」更新 社会科学に統計学を応用し，数値データを分析し......,1800000254052026180000025418
2026,POLX311L,情報政治論,細貝　亮,社学,春学期,水３時限,１５-２０１,本講義では、メディア技術の発達がもたらす情報化社会の特性、情報化が現代政治......,1800000294012026180000029418
2026,POLX271L,現代政治制度論（イギリス）,秋本　富雄,社学,春学期,木４時限,１４-５１５,英国では、1997年から13年間続いた労働党政権の時代、中央ー政府関係、議会、......,1800000305012026180000030518
2026,POLX271L,現代政治制度論（アメリカ合衆国）,西山　隆行,社学,春学期,金４時限,７-２０２,アメリカの内政と外交について講義する。 アメリカ政治には、短期的な変動が激......,1800000307012026180000030718
2026,POLX311L ARSH381L,現代政治分析（イタリア）,池谷　知明,社学,春学期,火３時限,１４-Ｂ１０１,現代イタリア政治を特徴づける3つの対立軸−聖俗の対立、南北の対立、左右の対立......,1800000308012026180000030818
2026,INFM301L,情報システム,金子　勝一,社学,春学期,月３時限,１４-６１４,【授業概要】授業形態：対面授業となります。 ICT（Information & Commun......,1800000375012026180000037518
2026,POLX311L,現代政治分析（ドイツ）,高見　仁,社学,春学期,土３時限,１４-５１５,本授業では、主として１８７１年のドイツ帝国の成立から現代に至る、ドイツの......,1800000407012026180000040718
2026,BIOX181L,生態学 １,赤尾　健一,社学,春学期,無フルOD,-,生態学は、生物の社会とその環境との関わりを理解、分析するものです。分野とし......,1800000418012026180000041818
2026,ARSB381L,中国研究 １,劉　傑,社学,春学期,火２時限,１５-４０１,太平洋戦争終了後の中国大陸では国民党と共産党による内戦が勃発し、その結果......,1800000514012026180000051418
2026,POLX331L,国際政治理論,奥迫　元,社学,春学期,水４時限,１５-２０２,第二次世界大戦後のアメリカ国際政治理論研究は、ほぼ一貫して現実主義を「回......,1800000586012026180000058618
2026,POLX321L,現代市民権理論,大庭　大,社学,春学期,火４時限,７-３０６,本講義では、現代の政治的社会の成り立ちとそのメンバーである「市民」について......,1800000590012026180000059018
2026,POLX311L,国会論,小林　英樹,社学,春学期,水６時限,１４-４０３,本講義では、議会運営の最前線で実務に携わってきた経験を踏まえ、国会にお......,1800000667012026180000066718
2026,POLX211L,政治学原論 １,池谷　知明,社学,春学期,水３時限,１４-４０３,政治学の主要概念、理論や政治制度が、どのように発展してきたかについて、歴史......,1800000693012026180000069318
2026,PHLM121L,バイオエシックス,横野　恵,社学,春学期,無フルOD,-,2026/03/22更新 （本科目はオンデマンド形式です。教室での対面の講義は実施し......,1800000700012026180000070018
2026,HUMC301L,人間行動と進化,秋山　英三,社学,春学期,無フルOD,-,[授業概要]  （※ 対面試験を実施します） 社会科学に大きな影響を与えたダーウ......,1800000707012026180000070718
2026,INTB351L,国際ＮＧＯ協力論,永井　陽右,社学,春クォーター,01:金４時限 02:金５時限,01:１４-２０１ 02:１４-２０１,開発、人権、紛争解決、平和構築、環境など国際協力が求められる範囲は拡大して......,1800000727012026180000072718
2026,POLX371L,国際開発制度論,利根川　佳子,社学,春クォーター,01:火２時限 02:火３時限,01:１４-６０４ 02:１４-６０４,国際開発学は、様々な学問が融合した学際的な学問である。国際協力や国際開発......,1800000728012026180000072818
2026,SOCX221L,社会調査法 ２,周藤　真也,社学,春学期,無フルOD,-,「社会調査」と呼ばれる〈知〉とその想像力について考察するとともに、その方法......,1800000731012026180000073118
2026,GENX301L,職業指導 １,小島　貴子,社学,春学期,金３時限,３-３０５,職業指導からキャリア教育への変遷のなかで学校教育における職業・進路指導の......,1800000732012026180000073218
2026,PHLT101L,社会科学の基礎 Ａ,吉田　敬,社学,春学期,水２時限,１４-４０２,社会科学を学ぶには、自然科学も含めた科学一般に共通する科学的思考を身につけ......,1800000739012026180000073918
2026,SOCX121L,社会調査の基礎 Ａ,開沼　泰隆,社学,春学期,月１時限,１４-４０２,本授業は、社会調査を学ぶための初学者向け講義である。そもそも社会調査は誰が......,1800000740012026180000074018
2026,ECNT111L,ゲーム理論の基礎 Ａ,戸田　学,社学,春学期,木１時限,１４-５１４,ゲーム理論とは相互に影響を及ぼし合うような依存関係にある意思決定主体が独立......,1800000743012026180000074318
2026,POLX101L,政治分析の基礎 Ａ,遠藤　晶久,社学,春学期,無フルOD,-,【授業形式】 ・この授業はオンデマンド形式で実施する。授業動画自体は秋学期......,1800000744012026180000074418
2026,SOCX101L,社会学入門 Ａ,佐藤　信吾,社学,春学期,水１時限,１５-１０１,【本授業は、対面授業とオンデマンド授業を組み合わせたハイブリッド型授業であ......,1800000746012026180000074618
2026,SOCX101L,社会学入門 Ｂ,吉田　耕平,社学,春学期,金１時限,１５-１０１,【本授業は、対面授業とオンデマンド授業を組み合わせたハイブリッド型授業であ......,1800000746022026180000074618
2026,SOCX101L,社会学入門 Ｃ,大窪　彬夫,社学,春学期,火１時限,１５-１０１,【本授業は、対面授業とオンデマンド授業を組み合わせたハイブリッド型授業であ......,1800000746032026180000074618
2026,POLX101L,政治学入門 Ａ,安中　進／稲生　信男／押谷　健,社学,春学期,水２時限,１５-３０２,専門科目としての政治学への入口を示すために、政治思想・政治過程・行政学をそ......,1800000748012026180000074818
2026,POLX101L,政治学入門 Ｂ,安中　進／稲生　信男／押谷　健,社学,春学期,無フルOD,-,＊Moodleを使用したフルオンデマンド（録画視聴）形式です。ただし、最終回の期......,1800000748022026180000074818
2026,INTA101L,国際関係論入門 Ａ,奥迫　元／堀　芳枝／利根川　佳子,社学,春学期,無フルOD,-,(概要) 本科目は、今後、国際社会・国際関係について学ぼうとする学生に、......,1800000749012026180000074918
2026,ECNE101L,経済学入門 １〔ミクロ経済学〕 Ａ,北村　能寛,社学,春学期,無フルOD,-,＊講義はオンディマンドで行う。 期末試験（教場）と各回の小テストの合計点で......,1800000753012026180000075318
2026,ECNE101L,経済学入門 １〔ミクロ経済学〕 Ｂ,鷲津　明由,社学,春学期,月２時限,１５-３０１,経済学を初めて学ぶ学生に、その1部であるミクロ経済学の基本をできるだけ分か......,1800000753022026180000075318
2026,MANX101L,経営学入門 Ａ,葛山　康典／小阪　玄次郎／須子　統太／中島　健一,社学,春学期,火２時限,１５-１０１,本講義では、経営学の基礎的な知識や考え方を説明する。 経営は経営の４要素と......,1800000754012026180000075418
2026,MANX101L,経営学入門 Ｂ,葛山　康典／小阪　玄次郎／須子　統太／中島　健一,社学,春学期,木２時限,１５-１０１,本講義では、経営学の基礎的な知識や考え方を説明する。 経営は経営の４要素と......,1800000754022026180000075418
2026,ECNA311L,社会科学総合研究（ロシア東欧現代経済） 1,弦間　正彦／池本　修一,社学,春学期,無フルOD,-,春学期を通じて、すべての回でオンデマンドでの配信となります。 旧社会主義諸......,1800000759012026180000075918
2026,SOCX121L,社会調査法 １Ａ,開沼　泰隆,社学,春学期,月２時限,１４-４０２,社会調査は、社会で暮らす人々の行動や考え方の実態をとらえ、集めたデータを科......,1800000792012026180000079218
2026,GSSH201P,ソーシャル・リサーチ（まちづくり） I,早田　宰／周藤　真也,社学,春学期,金２時限,１２-４０２,※履修者は、「ソーシャル・リサーチ（まちづくり）I（春学期）・Ⅱ（夏季・秋学......,1800000798012026180000079818
2026,PHLE101L,東洋哲学 １,王　前,社学,春学期,火４時限,１４-４０２,東洋哲学とは何か、簡単にはとても説明しにくいので、代表的な思想家の思想を......,1800000802012026180000080218
2026,PHLE131L,中国哲学 １,遠藤　純一郎,社学,春学期,金５時限,１４-４０３,東アジア地域は近代化にともない、西欧の思想・ライフスタイルが流入し、伝統的......,1800000804012026180000080418
2026,PHLM181L,倫理学 １,関口　浩,社学,春学期,月５時限,１４-１０１,今世紀の始まりの頃から、サステナビリティ、持続可能性ということがさかんに......,1800000806012026180000080618
2026,PSYX261L,臨床心理学,阿部　哲理,社学,春学期,金２時限,１５-３０１,臨床心理学は、困難や生きづらさを抱える人々の心を支えるために発展してきた分......,1800000809012026180000080918
2026,HISE101L,外国史概論 １,日尾野　裕一,社学,春学期,金２時限,１４-４０３,近現代の世界の歴史は、帝国による統治、そして帝国解体の影響と不可分なもので......,1800000814012026180000081418
2026,HISA101L HISA121L,歴史学（日本史） １,黒田　智,社学,春学期,火３時限,１５-２０３,日本史・日本文化を理解するための入門編。この授業では、より身近な問題を出発......,1800000816012026180000081618
2026,HISA141L,歴史学（日中関係史） １,劉　傑,社学,春学期,火３時限,１４-１０２,《２０１３年度オープン科目指定》 近代東アジアにおいて、日本と中国は互い......,1800000818012026180000081818
2026,HISB111L,歴史学（アジア史） １,松田　春香,社学,春学期,木２時限,７-２０６,日本と朝鮮半島では、歴史認識を巡りしばしば対立するのは、なぜでしょうか。そ......,1800000820012026180000082018
2026,HISE181L,歴史学（ヨーロッパ史） １,古川　誠之,社学,春学期,無フルOD,-,人間が「空間を認識する」とき、彼は自らの属する文化の影響を強く受けていま......,1800000822012026180000082218
2026,CMFC111L,漢字文化圏論 １,笹原　宏之,社学,春学期,火５時限,１４-１０１,《２０１３年度オープン科目指定》 中国大陸とそれを取り囲む香港、台湾、朝鮮......,1800000835012026180000083518
2026,CMFC181L,異文化コミュニケーション論,花光　里香,社学,春学期,水３時限,１４-６０４,異文化というと外国の文化を思い浮かべることが多いが、地域、世代、ジェンダー......,1800000837012026180000083718
2026,LITJ171L,言語表現論 １,笹原　宏之,社学,春学期,月３時限,１５-３０２,私たちがふだん読んでいる文章や聞いている話には、正しい理解を導くための要......,1800000839012026180000083918
2026,MATX101L,数学 １,高橋　一嘉,社学,春学期,水３時限,７-２０６,今日では、コンピュータの普及等により社会科学系の学生にとっても数学的な素養......,1800000845012026180000084518
2026,GEOX101L,自然地理学 I,小森　次郎,社学,春学期,水３時限,１５-０４,地理学の基本は、自然の営みを空間的に理解し、その上に人がどのように関わって......,1800000852012026180000085218
2026,GSSH101L,地理情報システム論 I,大場　亨,社学,春学期,土２時限,１４-６１４,《全学オープン科目指定》 地理情報システム(GIS)を操作しながら、情報の集め方......,1800000856012026180000085618
2026,POLX111L,政治分析　Ａ,浅野　正彦,社学,春学期,火４時限,１６-７０３,この講義の目的は、数量的な政治学を学びながら、政治学の実証分析方法を習得......,1800000857012026180000085718
2026,POLX261L,外国政治史 １,小山　吉亮,社学,春学期,火１時限,１４-５１４,デモクラシー、自由主義、議会、政党、革命…。ヨーロッパは近代政治が生まれ......,1800000860012026180000086018
2026,POLX371L,立法過程論,秋本　富雄,社学,春学期,木５時限,１４-５１５,本講義では、長く本学部でこの講義を担当されてきた向大野新治先生の視座を引き......,1800000862012026180000086218
2026,POLX311L,政治過程論 １,安中　進,社学,春学期,火４時限,１４-１０２,政治過程論は、政治装置や制度が「行うと考えられていること」ではなく、「実際......,1800000867012026180000086718
2026,POLX251L,行政学 I,稲生　信男,社学,春学期,金３時限,１４-１０１,行政学とは何か､実は定義することは難しい｡あえていえば､行政部門において､政策......,1800000870012026180000087018
2026,POLX311L,政治行動論 I,浅野　正彦,社学,春学期,無フルOD,-,従来の政治学では「何年に誰が何を行った」といった個別的かつ記述的な研究が一......,1800000874012026180000087418
2026,LAWA111L,憲法 I Ａ,阪口　正二郎,社学,春学期,火２時限,１４-４０２,みなさんは、日本に憲法という法があることや、憲法が表現の自由や生存権など......,1800000876012026180000087618
2026,LAWA211L,憲法 II,阪口　正二郎,社学,春学期,無フルOD,-,この授業では、憲法の性質や保障のありよう、憲法改正などの問題について検討し......,1800000877012026180000087718
2026,LAWG311L,環境法 １〔公害規制法〕,黒川　哲志,社学,春学期,金４時限,７-４１９,激甚な産業公害は公害対策基本法の下での公害規制によって一応克服された。し......,1800000882012026180000088218
2026,LAWB211L,民法 ４〔債権各論〕,吉田　和夫,社学,春学期,火４時限,１４-１０１,民法は、「総則」「物権」「債権」「親族」「相続」の５編で構成されています......,1800000894012026180000089418
2026,LAWB211L,民法 ５〔親族〕,北田　真理,社学,春学期,無フルOD,-,本授業では、民法第4編親族（民法725条～881条）を学習対象とする。民法第4編は......,1800000895012026180000089518
2026,LAWB381L,法情報学,吉田　和夫,社学,春学期,無フルOD,-,情報と法律に関する諸問題について講義します。法律には長い歴史と積み重ねが......,1800000900012026180000090018
2026,LAWB121L,会社法 １〔会社のガバナンス〕,林　孝宗,社学,春学期,水４時限,１５-３０１,本講義では、経済社会を支える基本的仕組みである会社法を講義します。我が国に......,1800000904012026180000090418
2026,LAWC211L,刑法総論 II〔犯罪の諸形態〕,仲道　祐樹,社学,春学期,月４時限,１５-０３,【授業の狙い】 刑法は、犯罪と刑罰に関する法です。新聞やテレビの報道で......,1800000912012026180000091218
2026,ECNT111L,経済数学 １,戸田　学,社学,春学期,火３時限,１４-４０４,経済学を含め，さまざまな社会科学において数学的考え方や手法が具体的にどのよ......,1800000923012026180000092318
2026,ECNT211L,ミクロ経済学 I,戸田　学,社学,春学期,火１時限,１４-４０１,ミクロ経済学はマクロ経済学と並んで経済分野全体の基礎となるものである．経済......,1800000927012026180000092718
2026,ECNT121L,社会科学のための回帰分析 １〔回帰分析の基礎、クロスセクションデータの分析〕,荒井　洋一,社学,春クォーター,01:水２時限 02:無フルOD,01:１４-４０３ 02:-,回帰分析とはデータから実際に何が起こっているのかを理解するための道具です。......,1800000929012026180000092918
2026,ECNT121L,社会科学のための回帰分析 ２〔時系列データ、パネルデータの分析〕,荒井　洋一,社学,夏クォーター,01:水２時限 02:無フルOD,01:１４-４０３ 02:-,回帰分析とはデータから実際に何が起こっているのかを理解するための道具です。......,1800000930012026180000093018
2026,ECNA201L,産業構造論,鷲津　明由,社学,春学期,水２時限,１５-１０２,ミクロ経済理論は、生産者や消費者それぞれの行動理論を明らかにし、マクロ経済......,1800000935012026180000093518
2026,ECNA261L,食料と農業の経済学 １ 〔食料需給の決定要因と食料問題・農業調整問題〕,弦間　正彦,社学,春学期,無フルOD,-,春学期を通じてすべての回をオンデマンド配信とする。 世界の食料・農業・......,1800000937012026180000093718
2026,ECNA221L,金融経済論,大野　裕之,社学,春学期,月１時限,１４-４０１,※質問は必ず ono_at_toyo@yahoo.co.jp に送ること。早稲田大学のアドレス（～＠......,1800000939012026180000093918
2026,ECNT211L,経済動学 I,篠塚　友一,社学,春学期,無フルOD,-,経済活動の基本は消費と生産である。消費も生産も現在から将来に向かって行われ......,1800000951012026180000095118
2026,ACCX311L,財務会計,菅野　浩勢,社学,春学期,01:金３時限 02:金４時限,01:１４-５０２ 02:１４-５０２,財務会計は、財務諸表等の公表を通じて、投資家等の企業外部の利害関係者が行......,1800000959012026180000095918
2026,CMMM301L,流通論 I,野口　智雄,社学,春学期,無フルOD,-,本年度は、時空間を問わず反復視聴ができ、教育効果も高いオンデマンド配信で......,1800000962012026180000096218
2026,ECNA211L,国際貿易論 １,橋　徹,社学,春学期,無フルOD,-,国際貿易の歴史的経緯、貿易が生じる要因に関する経済学上の理論、国際貿易をめ......,1800000964012026180000096418
2026,LANE201L,ビジネス・イングリッシュ　I,藤尾　美佐,社学,春学期,火４時限,１４-６０４,"In order to be a globally-minded leader, it is essential to acquire not o......",1800000966012026180000096618
2026,CMMR321L,リスクマネジメントと保険 I,湯山　智教,社学,春学期,月２時限,１４-５０２,我々は、病気・怪我・失業・自然災害・株価下落などの経済的損失など、身の回り......,1800000970012026180000097018
2026,MANX211L,産業心理学 I,重森　雅嘉,社学,春学期,木２時限,１５-１０２,産業場面における組織や集団における行動の基礎原理および実社会における人間......,1800000972012026180000097218
2026,GSSC201L,産業社会学 I,池田　心豪,社学,春学期,金１時限,１４-４０１,日本人はなぜ勤勉なのか。仕事が好き？出世意欲が高い？否、家族に豊かな生活を......,1800000974012026180000097418
2026,MANX321L,人的資源管理論 I,上原　衞,社学,春学期,金４時限,１５-２０１,近年、組織の経営資源を事業や市場に最適配分した形での経営戦略の重要性がクロ......,1800000982012026180000098218
2026,LANE201F,Examining Global Issues 1〔Social Problems in Contemporary Japan: Global Comparisons〕,ローズ　ミーガン　キャサリン,社学,春学期,月３時限,-,【For General Program & CJSP/TAISI Course】 This course will take an......,1800001012012026180000101218
2026,CMFC281S,Exploring Cultures through Film 1,花光　里香,社学,春学期,金２時限,１４-５１６,異文化コミュニケーションについて、映画を通して英語で学ぶ授業である。私たち......,1800001014012026180000101418
2026,LANE201F,英語１-１（春学期） Ｙ,根橋　玲子,社学,春学期,月２時限,１４-４０５,本コースでは、身近なテーマに関する英文を題材に、4技能をバランスよく向上さ......,1800001016252026180000101618
2026,LANE201F,英語１-１（春学期） Ｚ,長田　宣子,社学,春学期,月３時限,１４-４０９,この授業では、アメリカ・イギリスを中心とした世界各国で発信されたニュースを......,1800001016262026180000101618
2026,LANE201F,英語１-２（春学期） Ａ,長田　哲男,社学,春学期,火２時限,１０-４０４,本授業では，各受講生は自分が関心のある学問テーマを設定し、そのテーマに関す......,1800001018012026180000101818
2026,LANE201F,英語１-２（春学期） Ｂ,根橋　玲子,社学,春学期,月３時限,１０-４０２,本コースでは、身近なテーマに関する英文を題材に、4技能、とりわけスピーキン......,1800001018022026180000101818
2026,LANE301F,英語２-１（春学期）Ｙ,長田　宣子,社学,春学期,月２時限,１４-４０７,この授業では、アメリカ・イギリスを中心とした世界各国で発信されたニュースを......,1800001020252026180000102018
2026,LANE301F,英語２-１（春学期）Ｚ,池田　史彦,社学,春学期,木３時限,１４-４０５,テッドトークのテキストを使いながら、英会話、読解、英作文、そして日本語の総......,1800001020262026180000102018
2026,LANE201F,英語２-２（コミュニケーション）（春学期）／リスニング Ｅ,市賀　弘之,社学,春学期,金３時限,１０-３０６,英語の総合運用能力を高めるために、本講義では主にリスニングとリーディング......,1800001022052026180000102218
2026,LANE201F,英語２-２（コミュニケーション）（春学期）／リスニング Ｆ,市賀　弘之,社学,春学期,金４時限,１０-３０６,英語の総合運用能力を高めるために、本講義では主にリスニングとリーディング......,1800001022062026180000102218
2026,LANE201F,英語２-２（コミュニケーション）（春学期）／会話 Ｐ,カレンダー　ポール　カイル,社学,春学期,土３時限,１４-４０７,"This is a pre-intermediate course in oral English communication, aimed at ......",1800001022162026180000102218
2026,LANE201F,英語２-２（コミュニケーション）（春学期）／会話 Ｑ,カレンダー　ポール　カイル,社学,春学期,土４時限,１４-４０７,"This is a pre-intermediate course in oral English communication, aimed at ......",1800001022172026180000102218
2026,LANG101F,ドイツ語１基礎 Ａ,中野　愛理,社学,春学期,月２時限,１０-３０４,ドイツ語文法を中心とした講義と演習を行います。学習した文法事項をもとに短い......,1800001024012026180000102418
2026,LANG101F,ドイツ語１基礎 Ｂ,中野　愛理,社学,春学期,月３時限,１０-３０６,ドイツ語文法を中心とした講義と演習を行います。学習した文法事項をもとに短い......,1800001024022026180000102418
2026,LANG101F,ドイツ語１基礎 Ｃ,高屋敷　直広,社学,春学期,水１時限,１０-４０１,ドイツ語文法を中心とした講義と演習を行います。また、学習した文法事項をもと......,1800001024032026180000102418
2026,LANG101F,ドイツ語１基礎 Ｄ,高屋敷　直広,社学,春学期,水２時限,１０-４０１,ドイツ語文法を中心とした講義と演習を行います。また、学習した文法事項をもと......,1800001024042026180000102418
2026,LANG101F,ドイツ語２基礎 Ａ,秋元　康隆,社学,春学期,金２時限,１４-５０５,ドイツ語の初歩を、特に会話練習を通じて学んでいきます。並行するドイツ語2基......,1800001026012026180000102618
2026,LANG101F,ドイツ語２基礎 Ｂ,秋元　康隆,社学,春学期,金３時限,１４-５０５,ドイツ語の初歩を、特に会話練習を通じて学んでいきます。並行するドイツ語2基......,1800001026022026180000102618
2026,LANG101F,ドイツ語２基礎 Ｃ,山中　健義,社学,春学期,月２時限,１０-１０３,この授業では、日常生活の様々な場面におけるドイツ語の基礎的な会話表現を学ん......,1800001026032026180000102618
2026,LANG101F,ドイツ語２基礎 Ｄ,山中　健義,社学,春学期,月３時限,１０-１０７,この授業では、日常生活の様々な場面におけるドイツ語の基礎的な会話表現を学ん......,1800001026042026180000102618
2026,LANF101F,フランス語１基礎 Ａ,大前　元伸,社学,春学期,月２時限,７-２０１,この授業と秋学期に開講する「フランス語１初級Ａ」の授業と合わせて、フランス......,1800001028012026180000102818
2026,LANF101F,フランス語１基礎 Ｂ,梶谷　彩子,社学,春学期,水２時限,７-２０３,春学期のフランス語１基礎と秋学期のフランス語１初級で、フランス語の発音およ......,1800001028022026180000102818
2026,LANF101F,フランス語１基礎 Ｃ,柴田　惠美,社学,春学期,水２時限,１４-４０９,この授業は、初級文法の知識をしっかり身に付け、書く・読む・発音するといった......,1800001028032026180000102818
2026,LANF101F,フランス語１基礎 Ｄ,綾部　素幸,社学,春学期,水１時限,１０-１０６,発音の基礎から始まり、初級文法を一通り学習します。フランス語という言葉の背......,1800001028042026180000102818
2026,LANF101F,フランス語１基礎 Ｅ,梶谷　彩子,社学,春学期,水３時限,１４-４０４,春学期のフランス語１基礎、フランス語２基礎、そして秋学期のフランス語１初級......,1800001028052026180000102818
2026,LANF101F,フランス語２基礎 Ａ,柴田　惠美,社学,春学期,水１時限,１４-４０９,フランス語は特にヨーロッパの上流階級において外交用語としての役割を果たして......,1800001030012026180000103018
2026,LANF101F,フランス語２基礎 Ｂ,大前　元伸,社学,春学期,月３時限,７-２０１,この授業と秋学期に開講する「フランス語2初級E」の授業と合わせて、日常会話で......,1800001030022026180000103018
2026,LANF101F,フランス語２基礎 Ｃ,柴田　惠美,社学,春学期,金３時限,１４-４０７,フランス語は特にヨーロッパの上流階級において外交用語としての役割を果たして......,1800001030032026180000103018
2026,LANF101F,フランス語２基礎 Ｄ,マルティネル　ルイ　ソロ,社学,春学期,月３時限,１４-６１３,"Polarfle est une méthode de Français Langue Étrangère en ligne, facile, mo......",1800001030042026180000103018
2026,LANF101F,フランス語２基礎 Ｅ,赤羽　悠,社学,春学期,金２時限,７-３１１,「フランス語1基礎」での文法学習に並行して、フランス語のコミュニケーション......,1800001030052026180000103018
2026,LANC101F,中国語１基礎 Ａ,花井　みわ,社学,春学期,水３時限,１４-４０２,初心者にとって、中国語の最初で最大の難関は発音である。漢字があるので、取っ......,1800001032012026180000103218
2026,LANC101F,中国語１基礎 Ｂ,チン　ロ,社学,春学期,月２時限,１４-４０４,初心者にとって、中国語の最初で最大の難関は発音である。漢字があるので、取っ......,1800001032022026180000103218
2026,LANC101F,中国語１基礎 Ｃ,白　春岩,社学,春学期,月１時限,１４-５１４,初心者にとって、中国語の最初で最大の難関は発音である。漢字があるので、取っ......,1800001032032026180000103218
2026,LANC101F,中国語１基礎 Ｄ,白　春岩,社学,春学期,月２時限,１４-５１４,初心者にとって、中国語の最初で最大の難関は発音である。漢字があるので、取っ......,1800001032042026180000103218
2026,LANC101F,中国語１基礎 Ｅ,花井　みわ,社学,春学期,水１時限,１４-４０４,初心者にとって、中国語の最初で最大の難関は発音である。漢字があるので、取っ......,1800001032052026180000103218
2026,LANC101F,中国語１基礎 Ｆ,白　春岩,社学,春学期,月３時限,７-２１２,初心者にとって、中国語の最初で最大の難関は発音である。漢字があるので、取っ......,1800001032062026180000103218
2026,LANC101F,中国語１基礎 Ｇ,王　紅艶,社学,春学期,金１時限,１０-２０７,初心者にとって、中国語の最初で最大の難関は発音である。漢字があるので、取っ......,1800001032072026180000103218
2026,LANC101F,中国語１基礎 Ｈ,王　紅艶,社学,春学期,金２時限,１０-２０７,初心者にとって、中国語の最初で最大の難関は発音である。漢字があるので、取っ......,1800001032082026180000103218
2026,LANC101F,中国語１基礎 Ｉ,花井　みわ,社学,春学期,水２時限,１４-４０４,初心者にとって、中国語の最初で最大の難関は発音である。漢字があるので、取っ......,1800001032092026180000103218
2026,LANC201F,中国語１基礎 Ｙ,チン　ロ,社学,春学期,月３時限,１４-４０４,初心者にとって、中国語の最初で最大の難関は発音である。漢字があるので、取っ......,1800001032252026180000103218
2026,LANC201F,中国語１基礎 Ｚ,韓　氷,社学,春学期,金２時限,14-807共同利用研究室８,初心者にとって、中国語の最初で最大の難関は発音である。漢字があるので、取っ......,1800001032262026180000103218
2026,LANC101F,中国語２基礎 Ａ,黄　斌,社学,春学期,金１時限,１０-３０６,初心者にとって、中国語の最初で最大の難関は発音である。漢字があるので、取っ......,1800001034012026180000103418
2026,LANC101F,中国語２基礎 Ｂ,筒井　紀美,社学,春学期,金２時限,１０-２０２,初心者にとって、中国語の最初で最大の難関は発音である。漢字があるので、取っ......,1800001034022026180000103418
2026,LANC101F,中国語２基礎 Ｃ,稲葉　明子,社学,春学期,水１時限,７-２１２,初心者にとって、中国語の最初で最大の難関は発音である。漢字があるので、取っ......,1800001034032026180000103418
2026,LANC101F,中国語２基礎 Ｄ,稲葉　明子,社学,春学期,水２時限,７-２１２,初心者にとって、中国語の最初で最大の難関は発音である。漢字があるので、取っ......,1800001034042026180000103418
2026,LANC101F,中国語２基礎 Ｅ,筒井　紀美,社学,春学期,金１時限,１０-２０２,初心者にとって、中国語の最初で最大の難関は発音である。漢字があるので、取っ......,1800001034052026180000103418
2026,LANC101F,中国語２基礎 Ｆ,チン　ロ,社学,春学期,金１時限,１０-２０５,初心者にとって、中国語の最初で最大の難関は発音である。漢字があるので、取っ......,1800001034062026180000103418
2026,LANC101F,中国語２基礎 Ｇ,黄　斌,社学,春学期,金２時限,１０-３０６,初心者にとって、中国語の最初で最大の難関は発音である。漢字があるので、取っ......,1800001034072026180000103418
2026,LANC101F,中国語２基礎 Ｈ,中村　元哉,社学,春学期,金２時限,１４-５１４,初心者にとって、中国語の最初で最大の難関は発音である。漢字があるので、取っ......,1800001034082026180000103418
2026,LANC101F,中国語２基礎 Ｉ,小野　泰教,社学,春学期,月１時限,１４-４０７,初心者にとって、中国語の最初で最大の難関は発音である。漢字があるので、取っ......,1800001034092026180000103418
2026,LANC201F,中国語２基礎 Ｙ,チン　ロ,社学,春学期,月５時限,１４-４０３,初心者にとって、中国語の最初で最大の難関は発音である。漢字があるので、取っ......,1800001034252026180000103418
2026,LANC201F,中国語２基礎 Ｚ,黄　斌,社学,春学期,金３時限,１０-４０７,初心者にとって、中国語の最初で最大の難関は発音である。漢字があるので、取っ......,1800001034262026180000103418
2026,LANS101F,スペイン語１基礎 Ａ,杉守　慶太,社学,春学期,月１時限,１０-３０２,・テキストの文法、練習問題を中心に１課から9課までを学習します。復習のテス......,1800001036012026180000103618
2026,LANS101F,スペイン語１基礎 Ｂ,金澤　直也,社学,春学期,月３時限,１４-５１５,スペイン語を初めて学ぶ学生のために、スペイン語文法の基礎と基礎的会話力の習......,1800001036022026180000103618
2026,LANS101F,スペイン語１基礎 Ｃ,金澤　直也,社学,春学期,水３時限,１０-３０２,スペイン語を初めて学ぶ学生のために、スペイン語文法の基礎と基礎的会話力の習......,1800001036032026180000103618
2026,LANS101F,スペイン語１基礎 Ｄ,杉守　慶太,社学,春学期,水１時限,１０-２０３,・テキストの文法、練習問題を中心に１課から9課までを学習します。復習のテス......,1800001036042026180000103618
2026,LANS101F,スペイン語１基礎 Ｅ,前田　伸人,社学,春学期,月２時限,１０-４０１,１）スペイン語の基本事項を動詞（現在形）を中心に説明・練習し、同時に英語と......,1800001036052026180000103618
2026,LANS201F,スペイン語１基礎 Ｚ,睦月　規子,社学,春学期,無フルOD,-,・テキストの文法、練習問題を中心に１課から9課までを学習します。復習のテス......,1800001036262026180000103618
2026,LANS101F,スペイン語２基礎 Ａ,倉田　量介,社学,春学期,水３時限,１０-１０１,・テキストの会話・長文を中心に授業を進め、1課から8課までを学習しますが、教......,1800001038012026180000103818
2026,LANS101F,スペイン語２基礎 Ｂ,網野　徹哉,社学,春学期,水２時限,１４-５１５,初級テキストの会話・講読を中心に授業を進め、実践的に理解します。１課から8......,1800001038022026180000103818
2026,LANS101F,スペイン語２基礎 Ｃ,網野　徹哉,社学,春学期,金３時限,１４-５１４,初級テキストの会話・講読を中心に授業を進め、実践的に理解します。１課から8......,1800001038032026180000103818
2026,LANS101F,スペイン語２基礎 Ｄ,山本　昭代,社学,春学期,月２時限,１４-５１５,・テキストの音声収録サイトでネイティブの発音を繰り返し聞き、自分で発音練習......,1800001038042026180000103818
2026,LANS101F,スペイン語２基礎 Ｅ,倉田　量介,社学,春学期,水２時限,１０-３０４,・テキストの会話・長文を中心に授業を進め、1課から8課までを学習しますが、教......,1800001038052026180000103818
2026,LANS201F,スペイン語２基礎 Ｚ,睦月　規子,社学,春学期,無フルOD,-,・テキストの会話・長文を中心に授業を進め、1課から8課までを学習しますが、教......,1800001038262026180000103818
2026,GSSC301S,ゼミナールII（労働研究／春学期）,篠田　徹／小山　淑子,社学,春学期,水２時限,-,受講生は、講師と相談しながら自身の関心に応じて、 上記に関連したテーマの研......,1800001193012026180000119318
2026,ARSB391S,ゼミナールII（中国研究／春学期）,劉　傑,社学,春学期,火４時限,１４-４０５,21世紀の世界を理解するうえで、中国は最も重要な研究対象の一つとなっている......,1800001203012026180000120318
2026,ECNA361S,ゼミナールII（環境及び資源経済学研究／春学期）,赤尾　健一,社学,春学期,月５時限,１４-４０８,テキストの輪読と各人の自由な研究報告、そしてそれらに対する全員での議論によ......,1800001211012026180000121118
2026,GSSH301S,ゼミナールII（コミュニティ開発／春学期）,早田　宰,社学,春学期,火５時限,１４-４０３,＜ゼミナールⅡ＞ ラボ活動をおこないます。今年度は「唐津ラボ」を基本とします......,1800001213012026180000121318
2026,SOCX361S,ゼミナールII（現代社会学研究／春学期）,周藤　真也,社学,春学期,水４時限,１２-４０２,社会学の応用的なテキストの講読とテーマ研究を通して、「言語論的転回」や「文......,1800001227012026180000122718
2026,CMFC381S,ゼミナールII（異文化コミュニケーション研究／春学期）,花光　里香,社学,春学期,水２時限,１４-６０４,ゼミナールIで得た基礎的な知識を発展させ、より深いテーマ、専門的な文献に取......,1800001229012026180000122918
2026,LNGI381S,ゼミナールII（メディアと言語の研究／春学期）,笹原　宏之,社学,春学期,月５時限,１４-４０１,マスメディアからパーソナルメディアまで、私たちは様々な媒体で、情報を交換......,1800001231012026180000123118
2026,POLX321S,ゼミナールII（政治思想研究／春学期）,千葉　清史,社学,春学期,火３時限,14-507共同利用研究室２,今年度は厚見先生がサバティカルをとられているので、代理で千葉が担当しま......,1800001241012026180000124118
2026,INTA381S,ゼミナールII（国際関係研究／春学期）,奥迫　元,社学,春学期,火３時限,１４-４０５,ゼミナールII・IIIは、原則として、ゼミナールI最終時に各自が提示した自らの......,1800001245012026180000124518
2026,LAWB311S,ゼミナールII（契約法研究／春学期）,吉田　和夫,社学,春学期,火３時限,14-510共同利用研究室５,ゼミナールＩで学んだ民法全般の知識を前提に、主に契約にかかわる様々な法律......,1800001255012026180000125518
2026,LAWG311S,ゼミナールII（Study of Environmental Law／春学期）,黒川　哲志,社学,春学期,水４時限,14-506共同利用研究室１,This course is conducted inJapanese as well asEnglish.　教員は日本語80%英......,1800001259012026180000125918
2026,LAWE311S,ゼミナールII（国際経済法研究／春学期）,福永　有夏,社学,春学期,水５時限,１４-５１６,日本や主要国の対外経済政策を学び提言を行う。 貿易や投資に関する日本語及び......,1800001261012026180000126118
2026,LAWG351S,ゼミナールII（医療と法／春学期）,横野　恵,社学,春学期,月２時限,１４-４０６（演習室）,臓器移植や生殖補助医療、終末期医療等に関する議論が示しているように、医療......,1800001263012026180000126318
2026,ECNA301S,ゼミナールII（Economic Analysis of the World Economy／春学期）,弦間　正彦,社学,春学期,月４時限,14-510共同利用研究室５,"Dependent on the COVID-19 situation and works we do, we will occasionally ......",1800001265012026180000126518
2026,ECNA301S,ゼミナールII（経済と環境の実証分析／春学期）,鷲津　明由,社学,春学期,月３時限,14-807共同利用研究室８,ゼミナールII・ゼミナールIIIでは、各自の選んだ研究テーマに従い、研究を進め......,1800001271012026180000127118
2026,ECNA391S,ゼミナールII（情報産業の経済分析／春学期）,土門　晃二,社学,春学期,水３時限,１４-４０６（演習室）,【春学期】　情報産業は、他の産業に比べ近年急速に発展している。インターネッ......,1800001273012026180000127318
2026,ECNE301S,ゼミナールII（ゲーム理論とその応用／春学期）,戸田　学,社学,春学期,火５時限,１４-４０７,最近、経済学や経営学の様々な分野においてゲーム理論が応用される機会が増えて......,1800001277012026180000127718
2026,MANX341S,ゼミナールII（多国籍企業の研究／春学期）,長谷川　信次,社学,春学期,水４時限,１１-６０６,ゼミナールIで習得した国際経営についての知識と問題意識をもとに、ゼミナールI......,1800001291012026180000129118
2026,CMMC301S GSSC301S,ゼミナールII（企業財務論研究／春学期）,葛山　康典,社学,春学期,火５時限,１４-５０５,この演習では、ゼミナールIで習得した企業財務の理論をさらに深く理解するこ......,1800001293012026180000129318
2026,GSSC401S,ゼミナールIII（労働研究／春学期）,篠田　徹／小山　淑子,社学,春学期,水２時限,-,受講生は、講師と相談しながら自身の関心に応じて、 上記に関連したテーマの研......,1800001313012026180000131318
2026,ARSB491S,ゼミナールIII（中国研究／春学期）,劉　傑,社学,春学期,火４時限,１４-４０５,21世紀の世界を理解するうえで、中国は最も重要な研究対象の一つとなっている......,1800001323012026180000132318
2026,ECNA461S,ゼミナールIII（環境及び資源経済学研究／春学期）,赤尾　健一,社学,春学期,月５時限,１４-４０８,テキストの輪読と各人の自由な研究報告、そしてそれらに対する全員での議論によ......,1800001331012026180000133118
2026,GSSH401S,ゼミナールIII（コミュニティ開発／春学期）,早田　宰,社学,春学期,火５時限,１４-４０３,＜ゼミナールⅡ＞ ラボ活動をおこないます。今年度は「唐津ラボ」を基本とします......,1800001333012026180000133318
2026,SOCX461S,ゼミナールIII（現代社会学研究／春学期）,周藤　真也,社学,春学期,水４時限,１２-４０２,社会学の応用的なテキストの講読とテーマ研究を通して、「言語論的転回」や「文......,1800001347012026180000134718
2026,CMFC481S,ゼミナールIII（異文化コミュニケーション研究／春学期）,花光　里香,社学,春学期,水２時限,１４-６０４,ゼミナールIで得た基礎的な知識を発展させ、より深いテーマ、専門的な文献に取......,1800001349012026180000134918
2026,LNGI481S,ゼミナールIII（メディアと言語の研究／春学期）,笹原　宏之,社学,春学期,月５時限,１４-４０１,マスメディアからパーソナルメディアまで、私たちは様々な媒体で、情報を交換......,1800001351012026180000135118
2026,POLX491S,ゼミナールIII（政治思想研究／春学期）,千葉　清史,社学,春学期,火３時限,14-507共同利用研究室２,今年度は厚見先生がサバティカルをとられているので、代理で千葉が担当しま......,1800001361012026180000136118
2026,INTA491S,ゼミナールIII（国際関係研究／春学期）,奥迫　元,社学,春学期,火３時限,１４-４０５,ゼミナールII・IIIは、原則として、ゼミナールI最終時に各自が提示した自らの......,1800001365012026180000136518
2026,LAWB411S,ゼミナールIII（契約法研究／春学期）,吉田　和夫,社学,春学期,火３時限,14-510共同利用研究室５,ゼミナールＩで学んだ民法全般の知識を前提に、主に契約にかかわる様々な法律......,1800001375012026180000137518
2026,LAWG411S,ゼミナールIII（Study of Environmental Law／春学期）,黒川　哲志,社学,春学期,水４時限,14-506共同利用研究室１,This course is conducted inJapanese as well asEnglish.　教員は日本語80%英......,1800001379012026180000137918
2026,LAWE411S,ゼミナールIII（国際経済法研究／春学期）,福永　有夏,社学,春学期,水５時限,１４-５１６,日本や主要国の対外経済政策を学び提言を行う。 貿易や投資に関する日本語及び......,1800001381012026180000138118
2026,LAWG451S,ゼミナールIII（医療と法／春学期）,横野　恵,社学,春学期,月２時限,１４-４０６（演習室）,臓器移植や生殖補助医療、終末期医療等に関する議論が示しているように、医療......,1800001383012026180000138318
2026,ECNA401S,ゼミナールIII（Economic Analysis of the World Economy／春学期）,弦間　正彦,社学,春学期,月４時限,14-510共同利用研究室５,"Dependent on the COVID-19 situation and works we do, we will occasionally ......",1800001385012026180000138518
2026,ECNA401S,ゼミナールIII（経済と環境の実証分析／春学期）,鷲津　明由,社学,春学期,月３時限,14-807共同利用研究室８,ゼミナールII・ゼミナールIIIでは、各自の選んだ研究テーマに従い、研究を進め......,1800001393012026180000139318
2026,ECNA491S,ゼミナールIII（情報産業の経済分析／春学期）,土門　晃二,社学,春学期,水３時限,１４-４０６（演習室）,【春学期】　情報産業は、他の産業に比べ近年急速に発展している。インターネッ......,1800001395012026180000139518
2026,ECNE401S,ゼミナールIII（ゲーム理論とその応用／春学期）,戸田　学,社学,春学期,火５時限,１４-４０７,最近、経済学や経営学の様々な分野においてゲーム理論が応用される機会が増えて......,1800001399012026180000139918
2026,CMMM401S,ゼミナールIII（マーケティング管理研究／春学期）,野口　智雄,社学,春学期,金３時限,１４-４０８,今学期のゼミナールは、とりあえず対面を予定しています。ただし、リアルタイ......,1800001401012026180000140118
2026,MANX441S,ゼミナールIII（多国籍企業の研究／春学期）,長谷川　信次,社学,春学期,水４時限,１１-６０６,ゼミナールIで習得した国際経営についての知識と問題意識をもとに、ゼミナールI......,1800001413012026180000141318
2026,CMMC401S GSSC401S,ゼミナールIII（企業財務論研究／春学期）,葛山　康典,社学,春学期,火５時限,１４-５０５,この演習では、ゼミナールIで習得した企業財務の理論をさらに深く理解するこ......,1800001415012026180000141518
2026,ACCX311S,ゼミナールII（財務会計研究／春学期）,菅野　浩勢,社学,春学期,月３時限,１４-４０１,現在、世界の会計基準は、国際会計基準審議会（IASB）が公表する国際会計基準......,1800001427012026180000142718
2026,ACCX411S,ゼミナールIII（財務会計研究／春学期）,菅野　浩勢,社学,春学期,月３時限,１４-４０１,現在、世界の会計基準は、国際会計基準審議会（IASB）が公表する国際会計基準......,1800001429012026180000142918
2026,LAWC311S,ゼミナールII（刑法研究／春学期）,仲道　祐樹,社学,春学期,火４時限,１４-５１４,刑法総論・各論の重要判例について検討します。その際、刑法は何のためにある......,1800001443012026180000144318
2026,LAWC411S,ゼミナールIII（刑法研究／春学期）,仲道　祐樹,社学,春学期,火４時限,１４-５１４,刑法総論・各論の重要判例について検討します。その際、刑法は何のためにある......,1800001445012026180000144518
2026,GSSH301S,ゼミナールII（空間映像研究／春学期）,佐藤　洋一,社学,春学期,火４時限,１２-４０１,都市空間や生活空間を対象に、写真や映像を主な手段としながら、調査研究を進め......,1800001456012026180000145618
2026,GSSH401S,ゼミナールIII（空間映像研究／春学期）,佐藤　洋一,社学,春学期,火４時限,１２-４０１,都市空間や生活空間を対象に、写真や映像を主な手段としながら、調査研究を進め......,1800001458012026180000145818
2026,GSSH101L ADEX151L,コミュニティデザイン,益子　智之,社学,春クォーター,01:月１時限 02:月２時限,01:７-２０５ 02:７-２０５,コミュニティデザインは、1960年前後に米国で提唱され、半世紀以上にわたって......,1800001460012026180000146018
2026,GSSF201P,社会デザインの思考と技法 ４〔参加のデザイン技術〕,百武　ひろ子,社学,春クォーター,01:月４時限 02:月５時限,01:１４-６０４ 02:１４-６０４,創造的な成果を生み出すために集まった集団が、その目的を達成するためには、......,1800001462012026180000146218
2026,GSSF101L,環境表現論 I,佐藤　洋一／瀬尾　夏美,社学,春学期,水３時限,１４-１０２,本授業は、「歩くこと」と「記録すること」を出発点に、環境をまなざし、他者と......,1800001465012026180000146518
2026,CMFE221P,社会デザインの思考と技法 ３〔社会言語としての写真・映像〕,佐藤　洋一／礒崎　未菜／清水　健太,社学,春学期,01:火２時限 02:火３時限,01:１５-０４ 02:１５-０４,写真や映像を用いたコミュニケーションは、現代社会において日常に密接した営み......,1800001467012026180000146718
2026,ECNA321S,ゼミナールII（Study of International Financial Systems／春学期）,北村　能寛,社学,春学期,水３時限,14-805共同利用研究室６,"Given basic skills in macro-, micro-economics, and regression analysis, pa......",1800001492012026180000149218
2026,ECNA421S,ゼミナールIII（Study of International Financial Systems／春学期）,北村　能寛,社学,春学期,水３時限,14-805共同利用研究室６,"Given basic skills in macro-, micro-economics, and regression analysis, pa......",1800001494012026180000149418
2026,INTB221P,紛争解決論実習 ２,奥迫　元／利根川　佳子,社学,夏季集中,無その他,-,武力紛争が行われた地域、あるいは分離独立の問題が生じた地域における社会と、......,1800001497012026180000149718
2026,INTB121L,平和学 I,堀　芳枝,社学,春学期,火４時限,１４-２０１,平和学とは二度の世界大戦を踏まえ1950年代の冷戦下での全面戦争回避、核廃絶......,1800001500012026180000150018
2026,ECNA351L,法と経済学 II,土門　晃二,社学,春学期,月３時限,１４-４０６（演習室）,この授業では、中級ミクロ経済学を用いて知的財産権について考察する。健全な市......,1800001501012026180000150118
2026,INTB351L,人間の安全保障論,利根川　佳子,社学,夏クォーター,01:火２時限 02:火３時限,01:１４-６０４ 02:１４-６０４,「人間の安全保障（human　security）」は、人間を中心に据えた安全保障の考え......,1800001502012026180000150218
2026,CMFC231L,公共文化論 １,小長谷　英代,社学,春学期,火４時限,１４-４０３,「文化」とは何か、「公共」とは何か―この授業では｢公共文化/ public culture｣......,1800001565012026180000156518
2026,POLX271L POLX231L,比較政治制度論 １,池谷　知明,社学,春学期,水２時限,３-２０２（CTLT Classroom2）,主要先進デモクラシー諸国－アメリカ、イギリス、フランス、ドイツ、イタリア－......,1800001567012026180000156718
2026,POLX331S,ゼミナールII（比較政治研究／春学期）,池谷　知明,社学,春学期,水４時限,１４-６０４,先進デモクラシー諸国を中心に、各国の政治制度を実証、理論のいずれか、あるい......,1800001570012026180000157018
2026,POLX431S,ゼミナールIII（比較政治研究／春学期）,池谷　知明,社学,春学期,水４時限,１４-６０４,先進デモクラシー諸国を中心に、各国の政治制度を実証、理論のいずれか、あるい......,1800001572012026180000157218
2026,ECNE301S,ゼミナールII（応用マクロ経済学研究／春学期）,及川　浩希,社学,春学期,月４時限,１４-５１５,マクロ経済学とその関連分野の文献を輪読する。対象とする文献は基本的には英語......,1800001575012026180000157518
2026,ECNE401S,ゼミナールIII（応用マクロ経済学研究／春学期）,及川　浩希,社学,春学期,月４時限,１４-５１５,マクロ経済学とその関連分野の文献を輪読する。対象とする文献は基本的には英語......,1800001577012026180000157718
2026,CMFC331S,ゼミナールII（公共文化研究／春学期）,小長谷　英代,社学,春学期,水３時限,１４-５０５,｢公共文化(public culture)｣の概念を焦点に、｢文化｣と社会、政治、経済等との複......,1800001580012026180000158018
2026,CMFC431S,ゼミナールIII（公共文化研究／春学期）,小長谷　英代,社学,春学期,水３時限,１４-５０５,｢公共文化(public culture)｣の概念を焦点に、｢文化｣と社会、政治、経済等との複......,1800001582012026180000158218
2026,POLX271L,現代政治制度論（スペイン）,野上　和裕,社学,春学期,木１時限,１４-５０２,この授業は、比較政治学の一部を構成する政治制度論の一つで、スペインの現代の......,1800001584012026180000158418
2026,LAWF211L,雇用関係法 I,滝原　啓允,社学,春学期,金４時限,１４-Ｂ１０１,労働法は、労働者と使用者との間の労働関係を規整する法律の総称ですが、皆さ......,1800001596012026180000159618
2026,LAWF311L,労使関係法,滝原　啓允,社学,春学期,金３時限,１４-１０２,集団的労働法は、労働者集団（主として、労働組合）と使用者または使用者団体......,1800001599012026180000159918
2026,MGTX361L STAX301L,経営科学 ２,須子　統太,社学,春学期,01:無フルOD 02:無フルOD,01:- 02:-,経営科学は、企業だけでなく様々な組織における意思決定において、勘や経験に頼......,1800001674012026180000167418
2026,ECNT221L,実証経済学,王　在吉,社学,春学期,金３時限,１４-４０６（演習室）,「実証経済学」では、経済学の理論モデルが現実社会の経済活動を正確に描写する......,1800001676012026180000167618
2026,MGTX361S STAX301S,ゼミナールII（経営科学／春学期）,須子　統太,社学,春学期,水４時限,１４-４０５,近年、様々な経営上の判断において、統計・データ解析の重要性が増してきていま......,1800001680012026180000168018
2026,MGTX461S STAX401S,ゼミナールIII（経営科学／春学期）,須子　統太,社学,春学期,水４時限,１４-４０５,近年、様々な経営上の判断において、統計・データ解析の重要性が増してきていま......,1800001682012026180000168218
2026,LAWC211L,刑法各論 １〔個人、社会、国家に対する罪〕,芥川　正洋,社学,春学期,無フルOD,-,【授業の狙い】刑法は、犯罪と刑罰を定める法律です。どのような行為を行えば犯......,1800001691012026180000169118
2026,ECNT311L,制度設計の経済学 I,笠島　洋一,社学,春学期,水２時限,１４-４０１,本講義では、経済問題における制度設計のあり方について、主にミクロ経済学的な......,1800001720012026180000172018
2026,ECNA231L,公共経済論 I,笠島　洋一,社学,春学期,金１時限,１４-４０９,本講義では、公共部門（政府）の役割や経済活動を経済学的に分析する。まず、競......,1800001722012026180000172218
2026,ECNH101L,比較経済史 1,君塚　弘恭,社学,春学期,無フルOD,-,この授業は、全回オンデマンド配信で行われます。　　歴史学分野の中でも、「......,1800001725012026180000172518
2026,ECNH201L,商業史 I,君塚　弘恭,社学,春学期,火３時限,１５-１０１,商業は、古くから人間が世界中で営んできた経済活動の一つです。歴史を遡れば......,1800001727012026180000172718
2026,PHLS101L,社会科学方法論　Ａ,吉田　敬,社学,春学期,水４時限,１４-５０５,社会科学上の例や論争を手がかりに、社会科学方法論における主要な哲学的主張を......,1800001729012026180000172918
2026,LAWC381L,犯罪学,島田　貴仁,社学,春学期,月２時限,８-Ｂ１０１,本講義では３つを主目的とする。第一に、テレビや新聞では重大事件がセンセーシ......,1800001730012026180000173018
2026,LAWG321L,知的財産権法（著作権法）,今村　哲也,社学,春学期,無フルOD,-,知的財産法のうち，創作的表現をめぐる関係人の利害を調整する法制度である著作......,1800001731012026180000173118
2026,ECNT391S,ゼミナールII（制度設計の経済学／春学期）,笠島　洋一,社学,春学期,金２時限,１４-４０９,制度設計の経済学に関連した文献を輪読する。発表者は指定されたテキストの範囲......,1800001746012026180000174618
2026,ECNH301S,ゼミナールII（比較経済史研究／春学期）,君塚　弘恭,社学,春学期,水４時限,１４-４０８,2025年度の比較経済史研究ゼミII・III（春学期）は、2022年度ゼミI及びゼミII......,1800001747012026180000174718
2026,PHLS311S,ゼミナールII（社会科学の哲学／春学期）,吉田　敬,社学,春学期,水３時限,14-506共同利用研究室１,社会科学の哲学とは科学哲学の一部門であり、社会科学（経済学、社会学、人類学......,1800001748012026180000174818
2026,ECNT491S,ゼミナールIII（制度設計の経済学／春学期）,笠島　洋一,社学,春学期,金２時限,１４-４０９,制度設計の経済学に関連した文献を輪読する。発表者は指定されたテキストの範囲......,1800001752012026180000175218
2026,ECNH491S,ゼミナールIII（比較経済史研究／春学期）,君塚　弘恭,社学,春学期,水４時限,１４-４０８,2025年度の比較経済史研究ゼミII・III（春学期）は、2022年度ゼミI及びゼミII......,1800001753012026180000175318
2026,PHLS491S,ゼミナールIII（社会科学の哲学／春学期）,吉田　敬,社学,春学期,水３時限,14-506共同利用研究室１,社会科学の哲学とは科学哲学の一部門であり、社会科学（経済学、社会学、人類学......,1800001754012026180000175418
2026,ACCX101L,会計学入門　Ａ,福島　隆,社学,春学期,火２時限,１５-１０２,この授業では、「会計学」について浅く広く講義する。具体的には、会社の財務......,1800001760012026180000176018
2026,LAWG351L,生命倫理と法 １〔生命の始期に関わる諸問題〕,北尾　仁宏,社学,春学期,火２時限,１４-５０１,この講義では、生命の始期を中心に、配偶子から小児期までをめぐる様々な問題......,1800001769012026180000176918
2026,POLX351S,ゼミナールII（行政・地域自治研究／春学期),稲生　信男,社学,春学期,水３時限,１４-５１４,行政の世界では、国にせよ地方にせよ技術的合理性と政治的非合理性とが交錯する......,1800001775012026180000177518
2026,PHLW381S,ゼミナールII（哲学・倫理学／春学期),千葉　清史,社学,春学期,水４時限,１４-８１０(院生指導室）,本ゼミナールの目標は、哲学における古典的ならびに現代的問題とその様々な......,1800001776012026180000177618
2026,POLX451S,ゼミナールIII（行政・地域自治研究／春学期）,稲生　信男,社学,春学期,水３時限,１４-５１４,行政の世界では、国にせよ地方にせよ技術的合理性と政治的非合理性とが交錯する......,1800001779012026180000177918
2026,PHLW481S,ゼミナールIII（哲学・倫理学／春学期）,千葉　清史,社学,春学期,水４時限,１４-８１０(院生指導室）,本ゼミナールの目標は、哲学における古典的ならびに現代的問題とその様々な......,1800001780012026180000178018
2026,POLX251L,地域自治論 １,稲生　信男,社学,春学期,火２時限,１４-４０３,近年我が国の地方自治をめぐる状況は大きく変貌を遂げている｡一連の地方分権改......,1800001783012026180000178318
2026,ECNA101L,経営のための経済学,土門　晃二,社学,春学期,01:月４時限 02:水５時限,01:１４-５０１ 02:１４-５０１,ミクロ経済学の基礎を学びながら、企業の様々な戦略について学ぶ。各テーマにつ......,1800001803012026180000180318
2026,ECNT201L,マクロ経済学,及川　浩希,社学,春学期,01:水２時限 02:無フルOD,01:１４-４０５ 02:-,本講義では、一国全体の経済現象を分析するための統計の見方と理論的枠組みを体......,1800001805012026180000180518
2026,ECNT301L,応用マクロ経済学,及川　浩希,社学,春クォーター,01:水３時限 02:水４時限,01:１４-６０７（ゼミ室１） 02:１４-６０７（ゼミ室１）,本講義では、学部レベルのマクロ経済学を既習であることを前提とし、ミクロ的基......,1800001806012026180000180618
2026,ECNA301L,応用ミクロ経済学 １,篠塚　友一,社学,春学期,無フルOD,-,ミクロ経済学の厚生経済学、財政学および国際経済学への応用について講義する。......,1800001822012026180000182218
2026,ARSA381S,ゼミナールII（Modern Japanese Studies／春学期),ローズ　ミーガン　キャサリン,社学,春学期,月４時限,-,This course will introduce students to major social changes in contemporar......,1800001826012026180000182618
2026,ARSA481S,ゼミナールIII（Modern Japanese Studies／春学期）,ローズ　ミーガン　キャサリン,社学,春学期,月４時限,-,This course will introduce students to major social changes in contemporar......,1800001828012026180000182818
2026,ARSA181L,日本研究　１,呂　イェジ,社学,春学期,金２時限,１４-５０２,このコースは、読解、ライティング、ディスカッションを重視したインテンシブな......,1800001830012026180000183018
2026,INTA351S,ゼミナールII（ヨーロッパ市民社会研究／春学期）,鈴木　規子,社学,春学期,水３時限,１４-４０７,このゼミナールでは、ゼミナールⅠで学んだ国際社会学の理論を用いて、ヨーロッ......,1800001887012026180000188718
2026,INTA451S,ゼミナールIII（ヨーロッパ市民社会研究／春学期）,鈴木　規子,社学,春学期,水３時限,１４-４０７,このゼミナールでは、ゼミナールⅠで学んだ国際社会学の理論を用いて、ヨーロッ......,1800001889012026180000188918
2026,PHLT341S GSSE301S,ゼミナールII（福祉社会研究／春学期）,寺尾　範野,社学,春学期,火４時限,１４-５０５,このゼミナールでは、福祉にかかわる諸課題（格差・貧困、少子高齢化、障害、ジ......,1800001893012026180000189318
2026,PHLT441S GSSE401S,ゼミナールIII（福祉社会研究／春学期）,寺尾　範野,社学,春学期,火４時限,１４-５０５,このゼミナールでは、福祉にかかわる諸課題（格差・貧困、少子高齢化、障害、ジ......,1800001895012026180000189518
2026,GSSF301S AGCE331S,ゼミナールII（農村デザイン研究／春学期）,落合　基継,社学,春学期,火５時限,１４-６０４,農村デザイン研究は，「農村地域における課題の発見・解決の学問」です。つまり......,1800001899012026180000189918
2026,GSSF401S AGCE431S,ゼミナールIII（農村デザイン研究／春学期）,落合　基継,社学,春学期,火５時限,１４-６０４,農村デザイン研究は，「農村地域における課題の発見・解決の学問」です。つまり......,1800001901012026180000190118
2026,ANTP381S,ゼミナールII（人類進化モデル／春学期）,中橋　渉,社学,春学期,月４時限,１４-５１６,人間社会について考えるために、ヒトという生き物に関係することを各自で研究す......,1800001905012026180000190518
2026,ANTP481S,ゼミナールIII（人類進化モデル／春学期）,中橋　渉,社学,春学期,月４時限,１４-５１６,人間社会について考えるために、ヒトという生き物に関係することを各自で研究す......,1800001907012026180000190718
2026,POLX311S,ゼミナールII（選挙・世論研究／春学期）,遠藤　晶久,社学,春学期,火２時限,14-807共同利用研究室８,政治学というと首相や政党、政治家、官僚といった政策決定にかかわるアクターに......,1800001911012026180000191118
2026,POLX411S,ゼミナールIII（選挙・世論研究／春学期）,遠藤　晶久,社学,春学期,火２時限,14-807共同利用研究室８,政治学というと首相や政党、政治家、官僚といった政策決定にかかわるアクターに......,1800001913012026180000191318
2026,ECNT321S,ゼミナールII（応用計量経済学研究／春学期）,荒井　洋一,社学,春学期,水５時限,１４-４０８,ゼミナールIで学んだ計量経済学を基礎として、各自が興味のある現実の問題につ......,1800001917012026180000191718
2026,ECNT421S,ゼミナールIII（応用計量経済学研究／春学期）,荒井　洋一,社学,春学期,水５時限,１４-４０８,ゼミナールIで学んだ計量経済学を基礎として、各自が興味のある現実の問題につ......,1800001919012026180000191918
2026,INFR301S MGTX351S,ゼミナールII（情報科学／春学期）,中島　健一,社学,春学期,火１時限,-,この演習では、ゼミナールIで習得したオペレーションズマネジメント分野の理論......,1800001923012026180000192318
2026,INFR411S MANX461S,ゼミナールIII（情報科学／春学期）,中島　健一,社学,春学期,火１時限,-,この演習では、ゼミナールIで習得したオペレーションズマネジメント分野の理論......,1800001925012026180000192518
2026,POLX211L,現代選挙論 １,遠藤　晶久,社学,春学期,水１時限,１５-２０２,現代民主政治の主たる入力過程である選挙について、その実態と今後の在り方に......,1800001931012026180000193118
2026,GSSF101L AGCE131L,地域計画システム論 I,落合　基継,社学,夏クォーター,01:月４時限 02:無フルOD,01:１５-４０１ 02:-,本講義では，「地域計画システム」として，様々なレベル・種類の地域計画の内容......,1800001935012026180000193518
2026,PHLT131L,近代経済社会思想史 １,寺尾　範野,社学,春学期,水２時限,３-７０３,社会科学ではしばしば「近代」や「近代社会」ということばが用いられるが、それ......,1800001937012026180000193718
2026,PHLT231L,比較近代社会思想 １,寺尾　範野,社学,春学期,金２時限,１５-１０１,19世紀から現代にかけての日本とイギリスにおいて現れた社会思想を貧困への対処......,1800001939012026180000193918
2026,GSSA101L,社会、社会科学のなかの自然科学,中橋　渉,社学,春学期,火２時限,１４-４０１,自然科学の知識は、法律の制定や組織の運営、政策の決定など、様々な社会科学的......,1800001941012026180000194118
2026,ANTP101L,理論人類学 １,中橋　渉,社学,春学期,火４時限,１４-５１５,人間理解のためには、ヒトの生物学的性質を進化的観点から理論的にとらえること......,1800001942012026180000194218
2026,INFY101L,情報科学論,中島　健一,社学,春学期,01:水３時限 02:水４時限,01:１４-６１３ 02:１４-６１３,グローバル化，複雑化する現代社会において，情報科学の果たす役割は益々重要に......,1800001945012026180000194518
2026,GSSA311L ECNA361L LIFX331L,社会科学総合研究（食の社会科学）,君塚　弘恭／柴田　惠美,社学,春学期,金４時限,１４-６０４,「社会科学総合研究（食の社会科学）」は、教員によるオムニバス講義と履修者......,1800001949012026180000194918
2026,MGTX251L,ビジネスのためのデータサイエンス,石田　崇,社学,春学期,01:金３時限 02:金４時限,01:１４-６１４ 02:１４-６１４,データサイエンスはデータを適切に分析しながら有用な知見や情報を獲得するため......,1800001950012026180000195018
2026,ACCX221L,経営分析,高橋　克幸,社学,春学期,木４時限,１４-４０２,本講義は、会計情報を用いて企業の経営活動を分析する、「経営分析」または「財......,1800001951012026180000195118
2026,MGTX241L,品質管理,中島　健一,社学,春学期,水２時限,１４-６１３,品質管理とは，企業・組織が提供している有形，無形の製品・サービスの顧客視点......,1800001961012026180000196118
2026,BSPX101S,ラーニング・コミュニティ Ａ,稲生　信男,社学,春クォーター,水４時限,３-２０３（CTLT Classroom3）,本科目は、初年次教育の科目です。大学での学び方を学びます。大学生活をスム......,1800001962012026180000196218
2026,BSPX101S,ラーニング・コミュニティ Ｂ,落合　基継,社学,春クォーター,水５時限,１４-６０４,本科目は、初年次教育の科目です。大学での学び方を学びます。大学生活をスム......,1800001962022026180000196218
2026,BSPX101S,ラーニング・コミュニティ Ｃ,葛山　康典,社学,春クォーター,水５時限,１４-５１４,本科目は、初年次教育の科目です。大学での学び方を学びます。大学生活をスム......,1800001962032026180000196218
2026,BSPX101S,ラーニング・コミュニティ Ｄ,釜野　さおり,社学,春クォーター,金５時限,１４-５１４,本科目は、初年次教育の科目です。大学での学び方を学びます。大学生活をスム......,1800001962042026180000196218
2026,BSPX101S,ラーニング・コミュニティ Ｅ,菅野　浩勢,社学,春クォーター,月４時限,１４-４０４,本科目は、新入生が大学生活をスムーズにスタートできるように、大学での学び......,1800001962052026180000196218
2026,BSPX101S,ラーニング・コミュニティ Ｆ,黒川　哲志,社学,春クォーター,水５時限,１４-１０１,本科目は、初年次教育の科目です。大学での学び方を学びます。大学生活をスム......,1800001962062026180000196218
2026,BSPX101S,ラーニング・コミュニティ Ｇ,黒田　智,社学,春クォーター,水５時限,１４-４０２,本科目は、初年次教育の科目です。大学での学び方を学びます。大学生活をスム......,1800001962072026180000196218
2026,BSPX101S,ラーニング・コミュニティ Ｈ,小長谷　英代,社学,春クォーター,水４時限,１４-５０２,本科目は、初年次教育の科目です。大学での学び方を学びます。大学生活をスム......,1800001962082026180000196218
2026,BSPX101S,ラーニング・コミュニティ Ｉ,笹原　宏之,社学,春クォーター,月４時限,１４-４０１,本科目は、初年次教育の科目です。大学での学び方を学びます。大学生活をスム......,1800001962092026180000196218
2026,BSPX101S,ラーニング・コミュニティ Ｊ,佐藤　信吾,社学,春クォーター,水４時限,１４-４０４,本科目は、初年次教育の科目です。大学での学び方を学びます。大学生活をスム......,1800001962102026180000196218
2026,BSPX101S,ラーニング・コミュニティ Ｋ,佐藤　洋一,社学,春クォーター,月４時限,１４-４０２,本科目は、初年次教育の科目です。大学での学び方を学びます。大学生活をスム......,1800001962112026180000196218
2026,BSPX101S,ラーニング・コミュニティ Ｌ,早田　宰,社学,春クォーター,金５時限,１４-５１５,本科目は、初年次教育の科目です。大学での学び方を学びます。大学生活をスム......,1800001962122026180000196218
2026,BSPX101S,ラーニング・コミュニティ Ｍ,利根川　佳子,社学,春クォーター,金４時限,１４-４０８,本科目は、初年次教育の科目です。大学での学び方を学びます。大学生活をスムー......,1800001962132026180000196218
2026,BSPX101S,ラーニング・コミュニティ Ｎ,土門　晃二,社学,春クォーター,水４時限,１４-４０３,本科目は、初年次教育の科目です。大学での学び方を学びます。大学生活をスム......,1800001962142026180000196218
2026,BSPX101S,ラーニング・コミュニティ Ｏ,中島　健一,社学,春クォーター,水５時限,１４-６１３,本科目は、初年次教育の科目です。大学での学び方を学びます。大学生活をスム......,1800001962152026180000196218
2026,BSPX101S,ラーニング・コミュニティ Ｐ,中橋　渉,社学,春クォーター,月５時限,３-２０１（CTLT Classroom1）,本科目は、初年次教育の科目です。大学での学び方を学びます。大学生活をスム......,1800001962162026180000196218
2026,BSPX101S,ラーニング・コミュニティ Ｑ,堀　芳枝,社学,春クォーター,金５時限,１４-４０７,本科目は、初年次教育の科目です。大学での学び方を学びます。大学生活をスム......,1800001962172026180000196218
2026,BSPX101S,ラーニング・コミュニティ Ｒ,山崎　薫,社学,春クォーター,月４時限,１４-４０８,本科目は、初年次教育の科目です。大学での学び方を学びます。大学生活をスム......,1800001962182026180000196218
2026,BSPX101S,ラーニング・コミュニティ Ｓ,笠島　洋一,社学,春クォーター,水４時限,１４-５１４,本科目は、初年次教育の科目です。大学での学び方を学びます。大学生活をスム......,1800001962192026180000196218
2026,BSPX101S,ラーニング・コミュニティ Ｔ,劉　傑,社学,春クォーター,金４時限,１４-５１５,本科目は、初年次教育の科目です。大学での学び方を学びます。大学生活をスム......,1800001962202026180000196218
2026,STSX121L STSX151L,科学技術・イノベーション概論,丸山　浩平／岡村　麻子／斉藤　卓也／手嶋　達也／湯沢　友之,社学,春学期,木５時限,１４-５０１,本授業の主たるテーマは、「いかなる科学技術のマネジメントによって、社会を豊......,1800001965012026180000196518
2026,LAWF321S,ゼミナールII（社会保障と人権／春学期）,棟居　徳子,社学,春学期,火５時限,１４-４０２,このゼミナールでは、社会保障に関連する研究テーマについて、主に人権保障の観......,1800001967012026180000196718
2026,LAWF421S,ゼミナールIII（社会保障と人権／春学期）,棟居　徳子,社学,春学期,火５時限,１４-４０２,このゼミナールでは、社会保障に関連する研究テーマについて、主に人権保障の観......,1800001969012026180000196918
2026,INTB331S,ゼミナールII（人間の安全保障／春学期）,利根川　佳子,社学,春学期,金２時限,１４-５１５,「人間の安全保障」という概念は、国際開発計画（UNDP）の人間開発報告書（1994......,1800001972012026180000197218
2026,INTB431S,ゼミナールIII（人間の安全保障／春学期）,利根川　佳子,社学,春学期,金２時限,１４-５１５,「人間の安全保障」という概念は、国際開発計画（UNDP）の人間開発報告書（1994......,1800001974012026180000197418
2026,LAWF311S,ゼミナールII（雇用社会の法／春学期）,滝原　啓允,社学,春学期,金５時限,１４-４０５,雇用社会をめぐる法政策はかつてないほどの目まぐるしい変化を見せている。「働......,1800001977012026180000197718
2026,LAWF411S,ゼミナールIII（雇用社会の法／春学期）,滝原　啓允,社学,春学期,金５時限,１４-４０５,雇用社会をめぐる法政策はかつてないほどの目まぐるしい変化を見せている。「働......,1800001979012026180000197918
2026,ARSG381S,ゼミナールII（スペイン語圏の社会と文化／春学期）,寺尾　隆吉,社学,春学期,水４時限,１４-４０６（演習室）,20世紀のスペイン語圏（スペインとラテンアメリカ）における様々な文化現象を例......,1800001982012026180000198218
2026,ARSG481S,ゼミナールIII（スペイン語圏の社会と文化／春学期）,寺尾　隆吉,社学,春学期,水４時限,１４-４０６（演習室）,20世紀のスペイン語圏（スペインとラテンアメリカ）における様々な文化現象を例......,1800001984012026180000198418
2026,LNGA381S ANTV381S SOCX381S,ゼミナールII（Research on Talk in Multilingual Society／春学期）,西澤　弘行,社学,春学期,水３時限,３-２０３（CTLT Classroom3）,「多言語社会の会話研究」と題した本ゼミナールは，日本をベースに，その他の国......,1800001987012026180000198718
2026,LNGA481S ANTV481S SOCX481S,ゼミナールIII（Research on Talk in Multilingual Society／春学期）,西澤　弘行,社学,春学期,水３時限,３-２０３（CTLT Classroom3）,「多言語社会の会話研究」と題した本ゼミナールは，日本をベースに，その他の国......,1800001989012026180000198918
2026,ARSG101L,スペイン語文化圏論 １,寺尾　隆吉,社学,春学期,火２時限,１４-４０５,20世紀のスペイン語圏（スペインとラテンアメリカ）から、社会変革と連動する形......,1800002001012026180000200118
2026,INTB241L GDRX201L,国際人権論 １,棟居　徳子,社学,春学期,無フルOD,-,かつて人権は、国内法によって扱われる国内問題とみなされてきた。しかし、第2......,1800002005012026180000200518
2026,GSSE101L,健康と人権,棟居　徳子,社学,春学期,水５時限,１４-５１５,人々の健康に関わる問題の多くは、人権問題でもある。わが国においても、HIV/AI......,1800002007012026180000200718
2026,ANTV181L,英語圏の社会と文化 １,山田　亨,社学,春学期,水２時限,１５-０２,英語圏と聞くと、日本人にとってはアメリカやイギリスが連想されがちである。し......,1800002008012026180000200818
2026,SOCX341S,ゼミナールII（開発・環境社会学研究／春学期）,周藤　真也,社学,春学期,水２時限,14-506共同利用研究室１,【本授業は対面式をベースとして開講します。状況を見て、一部にオンラインでの......,1800002047012026180000204718
2026,SOCX441S,ゼミナールIII（開発・環境社会学研究／春学期）,周藤　真也,社学,春学期,水２時限,14-506共同利用研究室１,【本授業は対面式をベースとして開講します。状況を見て、一部にオンラインでの......,1800002049012026180000204918
2026,INTB321S,ゼミナールII（平和学研究／春学期）,堀　芳枝,社学,春学期,金３時限,７-２１２,春学期は議論する土台として、参加学生たちの問題意識にそって輪読をおこなう。......,1800002052012026180000205218
2026,INTB421S,ゼミナールIII（平和学研究／春学期）,堀　芳枝,社学,春学期,金３時限,７-２１２,春学期は議論する土台として、参加学生たちの問題意識にそって輪読をおこなう。......,1800002054012026180000205418
2026,GSSE301S,ゼミナールII（現代社会における基本的人権と民主主義／春学期）,阪口　正二郎,社学,春学期,火３時限,１４-４０６（演習室）,憲法は、表現の自由や信教の自由などの権利を保障すると同時に、民主主義を原理......,1800002057012026180000205718
2026,GSSE401S,ゼミナールIII（現代社会における基本的人権と民主主義／春学期）,阪口　正二郎,社学,春学期,火３時限,１４-４０６（演習室）,憲法は、表現の自由や信教の自由などの権利を保障すると同時に、民主主義を原理......,1800002059012026180000205918
2026,MANX311S,ゼミナールII（Organizational Behavior and Human Resource Management／春学期）,鄭　有希,社学,春学期,水４時限,１４-５０１,Seminars II and III in the spring semester will discuss issues related to ......,1800002067012026180000206718
2026,MANX411S,ゼミナールIII（Organizational Behavior and Human Resource Management／春学期）,鄭　有希,社学,春学期,水４時限,１４-５０１,Seminars II and III in the spring semester will discuss issues related to ......,1800002069012026180000206918
2026,SOCX241L ENVV251L,環境社会学 １,湯浅　陽一,社学,春学期,木３時限,１４-１０１,本授業は、公害・環境問題に対して環境社会学の視点による理解を深めることを目......,1800002071012026180000207118
2026,MANX221L,国際人的資源マネジメント １,鄭　有希,社学,春学期,無フルOD,-,近年、日本企業をはじめ、世界の多くの企業は国境を越えて事業を展開している......,1800002077012026180000207718
2026,MANX241L CMMI271L CMMI201L,グローバルビジネス論 １,長谷川　信次,社学,春学期,水３時限,３-６０１,従来、企業にとって外国市場といえば、国内で生産した製品を輸出し、原材料を輸......,1800002081012026180000208118
2026,STSX341L,データ倫理,横野　恵,社学,春学期,無フルOD,-,2026/03/22更新 （本科目はオンデマンド形式で行います。教室での対面講義は実......,1800002096012026180000209618
2026,PHLW101L,西洋哲学,千葉　清史,社学,春学期,火５時限,１４-１０２,「哲学総論」では、さまざまな哲学的問題を手広く紹介することを基本方針とし......,1800002099012026180000209918
2026,INTA351L INTA361L,ヨーロッパ市民社会論 １,浪岡　新太郎,社学,春学期,木２時限,１４-４０８,本講義では、デモクラシーとシティズンシップの考え方を学ぶ。デモクラシー、シ......,1800002103012026180000210318
2026,INTA351L INTA361L,ＥＵ地域研究 I,鈴木　規子,社学,春学期,水２時限,１４-５０１,この授業ではEU（欧州連合）の歴史的発展を中心に学びます。 単に時系列的な展......,1800002104012026180000210418
2026,LAWA101L LAWB101L,法学入門,仲道　祐樹／塚林　美弥子／吉田　和夫,社学,春学期,無フルOD,-,政治学が政治を、経済学が経済を対象とするように、法学は法を対象とします。......,1800002129012026180000212918
2026,GDRX301L,社会科学総合研究（ジェンダーとセクシュアリティ）,釜野　さおり／朝倉　三枝／遠藤　晶久／佐藤　洋一／寺尾　範野／堀江　有里,社学,春学期,金４時限,１４-５１４,わたしたちの社会において、ジェンダーとセクシュアリティに無関係な事象はもは......,1800002133012026180000213318
2026,AGCS101L,農とSDGs（研究と実践のために） Ａ,早田　宰／落合　基継／加藤　基樹,社学,春クォーター,01:月４時限 02:無フルOD,01:１５-２０２ 02:-,本講座は、JA共済連（正式名所：全国共済農業協同組合連合会）の提携講座で、オ......,1800002134012026180000213418
2026,LAWA121L,行政法 １,中山　敬太,社学,春学期,火１時限,１４-４０３,日本には多くの法律があるが、その大半は「行政法」に位置づけられる。社会の不......,1800002142012026180000214218
2026,INTB331S INTA321S,"ゼミナールII（Violence, Conflict and Development／春学期）",小山　淑子,社学,春学期,火４時限,７-３１０,This seminar supports students who aredeveloping and advancing an indepen......,1800002152012026180000215218
2026,INTB431S INTA421S,"ゼミナールIII（Violence, Conflict and Development／春学期）",小山　淑子,社学,春学期,火４時限,７-３１０,This seminar supports students who aredeveloping and advancing an indepen......,1800002154012026180000215418
2026,HISA321S HISA331S ARTH311S,ゼミナールII（日本文化史／春学期）,黒田　智,社学,春学期,水３時限,１４-４０１,歴史学は、史料学の時代を迎えている。近年の歴史学は、古文書・古記録のみな......,1800002157012026180000215718
2026,HISA421S HISA431S ARTH411S,ゼミナールIII（日本文化史／春学期）,黒田　智,社学,春学期,水３時限,１４-４０１,歴史学は、史料学の時代を迎えている。近年の歴史学は、古文書・古記録のみな......,1800002159012026180000215918
2026,MANX341S GSSC301S GSSD301S,ゼミナールII（Global Business and Organizational Leadership／春学期）,好川　透,社学,春学期,火３時限,14-807共同利用研究室８,Students will conduct their research either as a group member or individua......,1800002162012026180000216218
2026,MANX441S GSSC401S GSSD401S,ゼミナールIII（Global Business and Organizational Leadership／春学期）,好川　透,社学,春学期,火３時限,14-807共同利用研究室８,Students will conduct their research either as a group member or individua......,1800002164012026180000216418
2026,HISA121L HISA131L,日本環境文化史 １,黒田　智,社学,春学期,木２時限,１５-２０１,農業革命と近代化をへて、自然はわたしたち人間から切り離され、他者性を帯び......,1800002167012026180000216718
2026,MANX281L GSSC201L GSSD201L,組織イノベーション １,好川　透,社学,春学期,月４時限,１４-１０１,この講義では、経営学(特に戦略的経営と組織論)、社会学など複数の社会科学分野......,1800002169012026180000216918
2026,SOCX151L MANX131L,ディーセント・ワーク ２,小山　淑子,社学,春クォーター,01:金３時限 02:金４時限,01:１４-４０５ 02:１４-４０５,"This course examines how labour has beenhistorically defined, justified, a......",1800002183012026180000218318
2026,GDRX101L SOCX181L GSSA111L,ジェンダーの社会学 １,釜野　さおり,社学,春学期,月４時限,１５-４０２,「ジェンダー」も、「セクシュアリティ」も、それぞれ個別に探究されるべきテー......,1800002184012026180000218418
2026,GDRX301S SOCX381S GSSA311S,"ゼミナールII（Gender, Sexuality and Society／春学期）",釜野　さおり,社学,春学期,水４時限,14-805共同利用研究室６,The main research topics in this seminar are gender and sexuality. We expl......,1800002189012026180000218918
2026,GDRX401S SOCX481S GSSA411S,"ゼミナールIII（Gender, Sexuality and Society／春学期）",釜野　さおり,社学,春学期,水４時限,14-805共同利用研究室６,The main research topics in this seminar are gender and sexuality. We expl......,1800002191012026180000219118
2026,CMFC101L,フランス語文化圏論 １,朝倉　三枝,社学,春学期,火３時限,１４-５１４,近現代フランスにおける服飾文化という観点から「ブランド」について学びます。......,1800002193012026180000219318
2026,CMFE301S,ゼミナールII（服飾文化史／春学期）,朝倉　三枝,社学,春学期,水３時限,７-２０９,ファッションは「時代を映す鏡」ともいわれるように、政治・経済をはじめとする......,1800002196012026180000219618
2026,CMFE401S,ゼミナールIII（服飾文化史／春学期）,朝倉　三枝,社学,春学期,水３時限,７-２０９,ファッションは「時代を映す鏡」ともいわれるように、政治・経済をはじめとする......,1800002198012026180000219818
2026,MANX311S,ゼミナールII（経営組織研究／春学期）,小阪　玄次郎,社学,春学期,月４時限,１４-５１４,ゼミナールⅡ・Ⅲでは、経営組織論あるいは関連する経営学諸分野の理論を用いた実......,1800002201012026180000220118
2026,MANX411S,ゼミナールIII（経営組織研究／春学期）,小阪　玄次郎,社学,春学期,月４時限,１４-５１４,ゼミナールⅡ・Ⅲでは、経営組織論あるいは関連する経営学諸分野の理論を用いた実......,1800002203012026180000220318
2026,ADEX351S ADEX341S GSSF301S,ゼミナールII（都市・地域デザイン研究／春学期）,益子　智之,社学,春学期,火４時限,１２-２０１,20世紀末以降、我が国は人口減少、少子高齢化、経済低成長などの問題に直面し......,1800002206012026180000220618
2026,ADEX451S ADEX441S GSSF401S,ゼミナールIII（都市・地域デザイン研究／春学期）,益子　智之,社学,春学期,火４時限,１２-２０１,20世紀末以降、我が国は人口減少、少子高齢化、経済低成長などの問題に直面し......,1800002208012026180000220818
2026,SOCX101L,社会学原論 ２〔現代社会への応用〕,吉田　耕平,社学,春学期,木２時限,１４-４０３,社会を読み解く学問としての社会学の基本的な見方や考え方を講義する。社会学の......,1800002215012026180000221518
2026,ARSH181L,ドイツ語・地域研究入門 １Ａ,関口　浩,社学,春学期,金１時限,１０-３０５,近代西欧において最も重要な社会科学者のひとり、マックス・ヴェーバー（1864-1......,1800002216012026180000221618
2026,ARSH181L,ドイツ語・地域研究入門 １Ｂ,関口　浩,社学,春学期,金２時限,１０-３０５,近代西欧において最も重要な社会科学者のひとり、マックス・ヴェーバー（1864-1......,1800002216022026180000221618
2026,ARSH181L,ドイツ語・地域研究入門 ２Ａ,町田　輝雄,社学,春学期,木４時限,１４-４０４,ドイツにおける「ロックミュージック」のパイオニアであり、今なお精力的に活動......,1800002217012026180000221718
2026,ARSH181L,ドイツ語・地域研究入門 ２Ｂ,千葉　清史,社学,春学期,水３時限,14-807共同利用研究室８,みなさんは1年間、初級ドイツ語文法と会話を学んできました。本授業は、今ま......,1800002217022026180000221718
2026,ARSH281S,ドイツ語・地域研究演習 １,秋元　康隆,社学,春学期,金４時限,１４-４０９,目的は倫理学に触れることにあり、カントのテキストを読むのは、あくまでそのた......,1800002220012026180000222018
2026,ARSG181L,スペイン語・地域研究入門 １,ヒガ　マルセーロ　グスターボ,社学,春学期,火３時限,14-506共同利用研究室１,"Introducción a la historia, geografía, cultura y sociedad de Latinoamérica.",1800002222012026180000222218
2026,ARSH181L,スペイン語・地域研究入門 ２,ゴンサレス　ロンゴリア　シルビア　リディア,社学,春学期,金２時限,１４-４０６（演習室）,"En este curso, los estudiantespodrán adquirir herramientas para el anális......",1800002223012026180000222318
2026,LANS101L,スペイン語・地域研究入門 α,寺尾　隆吉,社学,春クォーター,01:火１時限 02:水１時限,01:１４-４０５ 02:１４-４０５,文法を理解したうえで実用的なスペイン語力を身につけ、併せてスペイン語圏への......,1800002224012026180000222418
2026,LANS101L,スペイン語・地域研究入門 β,寺尾　隆吉,社学,夏クォーター,01:火１時限 02:水１時限,01:１４-４０５ 02:１４-４０５,スペイン語・地域研究入門α修了者を対象に、様々な教材を使ってスペイン語の四......,1800002225012026180000222518
2026,ARSG281S,スペイン語・地域研究演習 １,寺尾　隆吉,社学,春学期,水２時限,14-805共同利用研究室６,ラテンアメリカを代表する作家のエッセイをスペイン語で精読し、スペイン語の読......,1800002230012026180000223018
2026,ARSB101L,中国語・地域研究入門 １,黄　斌,社学,春学期,金４時限,１０-４０７,○授　業　概　要： 本講義は、中国語を1年間履修し、発音と基本文法を一通り......,1800002233012026180000223318
2026,ARSB101L,中国語・地域研究入門 ２,花井　みわ,社学,春学期,水４時限,７-２１２,中国東北地域（日本人が満洲と呼んでいた地域）は中国近現代史において重要な地......,1800002234012026180000223418
2026,ARSB101L,中国語・地域研究入門 ３,白　春岩,社学,春学期,月４時限,１４-４０９,本科目は、初級中国語を一年間学習した学生、またはそれと同等以上の語学力を持......,1800002235012026180000223518
2026,ARSB101L,中国語・地域研究入門 ４,韓　氷,社学,春学期,金１時限,14-507共同利用研究室２,「打工」という中国語は非正規の労働に従事するという意味であり、特に農村か......,1800002236012026180000223618
2026,ARSB281S,中国語・地域研究演習 １,チン　ロ,社学,春学期,金２時限,１０-２０５,2年間以上の中国語学習経験を有する学生、あるいはそれに相当する学力を有す......,1800002241012026180000224118
2026,LANF101L ARSV181L CMFC131L,フランス語・地域研究入門 １,マルティネル　ルイ　ソロ,社学,春学期,月４時限,１４-６１３,Voyage au coeur de la francophonie* (histoire/organisation/communauté/soci......,1800002243012026180000224318
2026,LANF101L HISE131L,フランス語・地域研究入門 ２,赤羽　悠,社学,春学期,金３時限,７-３１１,Le MondeやL'Obsのような新聞・雑誌の記事をフランス語で読み、フランス語の読......,1800002244012026180000224418
2026,LANF101L INTA131L SOCX171L,フランス語・地域研究入門 ３,梶谷　彩子,社学,春学期,水４時限,14-807共同利用研究室８,この授業では、2つの方法を用いて「パリ以外のフランス」について学びます。フ......,1800002245012026180000224518
2026,LANF101L,フランス語・地域研究入門 ４,朝倉　三枝,社学,春学期,火２時限,１４-４０６（演習室）,1年次に未習だった文法事項を補い、初級から中級への橋渡しを行います。文法が......,1800002246012026180000224618
2026,CMFE201S,フランス語・地域研究演習 １,朝倉　三枝,社学,春学期,火４時限,14-807共同利用研究室８,フランス文化省が公開しているインターネット上のサイト L'Histoire par l'imag......,1800002251012026180000225118
2026,HISV101L,歴史学概論,劉　傑／君塚　弘恭／黒田　智,社学,春学期,水２時限,１５-４０２,現代社会が直面している課題を解決しようと思うとき、人は歴史を振り返る。人......,1800002255012026180000225518
2026,LAWG301L,企業活動と法実務 １,尾家　康介,社学,春学期,火４時限,１４-Ｂ１０１,契約や裁判、労働紛争、M&Aなど、企業の活動に法が関わっていることを知っ......,1800002256012026180000225618
2026,PHLM221L,応用倫理学,冨田　絢矢,社学,春学期,金５時限,１４-５０２,「道徳」(*1)というと、みなさんは何を思い浮かべますか？ 他の人に「親切」......,1800002265012026180000226518
2026,GSSA211L,社会科学特講（社会デザインの基礎理論） Ａ,清水　健太,社学,春学期,木３時限,７-２０６,本講義で扱う社会デザイン＝「関係としての社会のデザイン」は、人と人との相互......,1800002268012026180000226818
2026,ECNA261L,環境経済学 II,赤尾　健一,社学,春学期,水４時限,１４-１０１,環境経済学はその思考方法の点で経済学に属していますが、環境問題が社会的な広......,1800002280012026180000228018
2026,,ゼミナールII（政治過程論／春学期）,安中　進,社学,春学期,火５時限,１４-５１５,本ゼミナールは、政治過程論を主な内容としているが、計量的な手法を主に用いて......,1800002290012026180000229018
2026,,ゼミナールIII（政治過程論／春学期）,安中　進,社学,春学期,火５時限,１４-５１５,本ゼミナールは、政治過程論を主な内容としているが、計量的な手法を主に用いて......,1800002292012026180000229218
2026,LITJ381S,ゼミナールII（日本文学研究／春学期）,山崎　薫,社学,春学期,火４時限,７-３０２,卒業論文の執筆を見据えて、日本文学を研究するにあたっての基礎知識を学ぶ。 ......,1800002295012026180000229518
2026,LITJ481S,ゼミナールIII（日本文学研究／春学期）,山崎　薫,社学,春学期,火４時限,７-３０２,卒業論文の執筆を見据えて、日本文学を研究するにあたっての基礎知識を学ぶ。 ......,1800002297012026180000229718
2026,LITJ101L,日本文学 １,山崎　薫,社学,春学期,月２時限,１４-１０２,本授業では、文学と歌謡とのかかわりに注目しながら、上代から中世まで（奈良期......,1800002299012026180000229918
2026,LITJ101L,日本文化論,山崎　薫,社学,春学期,水２時限,７-３０４,平安期に成立した日本最初の勅撰和歌集である『古今和歌集』の「仮名序」には、......,1800002300012026180000230018
2026,MANX351L,ベンチャービジネス論 I,足代　訓史,社学,春学期,金２時限,３-４０４,本講義では、ベンチャービジネスに関して、アントレプレナーシップ（企業家行動......,1800002301012026180000230118
2026,CMFC281L,Exploring Japanese Cultures through Film 1,花光　里香,社学,春学期,金３時限,１４-５１６,日本文化について、映画を通して英語で学ぶ授業である。日本文化を映画を軸にし......,1800002303012026180000230318
2026,,Diversity in Modern Japan 1,長谷川　和美,社学,春学期,月３時限,１４-４０７,This is a colloquium on modern Japanese history. We will examine the histo......,1800002313012026180000231318
2026,,Ethnicity and Gender in Global Issues 1,長谷川　和美,社学,春学期,月４時限,１４-４０７,"This course not only introduces the students to the basic concepts, theori......",1800002315012026180000231518
2026,AGCS201P,JA共済寄附講座　SDGs未来都市に学ぶ １,早田　宰／益子　智之／加藤　基樹／神林　邦明,社学,春学期,月３時限,１４-４０３,・本講座はJA共済連（全国共済農業協同組合連合会）の寄附講座で、全学部の学生......,1800002321012026180000232118
2026,HISA141L,日本近代政治史 １,星原　大輔,社学,春学期,月２時限,１４-４０３,幕末・維新期から明治時代中期までを、主たるテーマとして言及する。 一回の講......,1800002323012026180000232318
2026,HISA111L HISA121L,日本史概論 １,黒田　智,社学,春学期,火２時限,１５-２０１,中学生・高校生だったかつてのきみは、学校の教室で社会や日本史の授業を受け......,1800002325012026180000232518
2026,STSX161L,グローバルラーニング（科学技術と社会技術） Ａ,中山　敬太,社学,春学期,木２時限,１２-２０１,本授業は、「科学技術と社会技術」というテーマについて、多角的な視点(トピッ......,1800002327012026180000232718
2026,GSSA111L,グローバルラーニング（地球社会と未来政策） Ａ,中山　敬太,社学,春学期,金３時限,１４-６０４,本講義は、日本を含め国際社会で社会問題化している地球規模課題に対して、話題......,1800002328012026180000232818
2026,LAWG201L,社会科学特講（リスクと不確実性の法政策学） Ａ,中山　敬太,社学,春学期,金４時限,７-３０７,本講義では、具体的に公害環境問題や先端科学技術の社会実装をめぐる諸問題を主......,1800002329012026180000232918
2026,SOCX171L,社会科学特講（災害と公害の社会学）,吉田　耕平,社学,春学期,水２時限,７-３０７,本講義では、私たちの社会が直面する重要な課題である「災害」と「公害」を、......,1800002330012026180000233018
2026,GSSA201S,英書研究26-1,中橋　渉,社学,春学期,月３時限,１４-４０８,自然人類学、考古学、動物行動学、数理生物学、実験心理学などに関する英語論文......,1800002331012026180000233118
2026,MDAX301S,ゼミナールII（メディア社会学研究／春学期）,佐藤　信吾,社学,春学期,水２時限,14-507共同利用研究室２,卒業論文を仕上げるために、本ゼミナールでは先端的なメディア論の文献を正確......,1800002333012026180000233318
2026,MDAX401S,ゼミナールIII（メディア社会学研究／春学期）,佐藤　信吾,社学,春学期,水２時限,14-507共同利用研究室２,卒業論文を仕上げるために、本ゼミナールでは先端的なメディア論の文献を正確......,1800002335012026180000233518
2026,MDAX221L,メディアの社会学 １,佐藤　信吾,社学,春学期,火１時限,１４-４０２,メディア（media）とは、「中間」や「媒体」といった意味の「メディウム（med......,1800002342012026180000234218
2026,MANX251L,アントレプレナーシップ ２,軸屋　泰隆,社学,春学期,金４時限,１４-４０１,【授業の概要及び目的】 本科目は、スタートアップビジネスに関わる基礎的なト......,1800002345012026180000234518
2026,GSSA201P,フィールドへの招待 ２,周藤　真也／釜野　さおり／黒田　智／佐藤　信吾／堀　芳枝,社学,集中講義（春学期）,無その他,-,フィールドでの研究を目指す主として２年生向けに、フィールドに親しむことを目......,1800002346012026180000234618
2026,,ソーシャル・リサーチ（災害と公害） I,吉田　耕平,社学,春学期,水３時限,１４-５１５,本科目では、災害や公害が地域社会や人々の暮らしにどのような影響を与える......,1800002347012026180000234718
2026,HISB111L,グローバルラーニング（東アジア史） Ａ,矢野　真太郎,社学,春学期,火２時限,１２-３０１,東アジアの歴史を通して、現代社会にも通ずる普遍的な諸問題を考えていく授業......,1800002349012026180000234918
2026,HISB111L,グローバルラーニング（東アジア歴史認識） Ａ,矢野　真太郎,社学,春学期,金２時限,１２-３０１,近代日本による戦争および植民地支配に対する歴史認識は、現在でもしばしば外......,1800002350012026180000235018
2026,HISA241L,社会科学特講（近代日本外交史） Ａ,矢野　真太郎,社学,春学期,火４時限,１２-３０１,幕末から戦後に至るまでの日本外交を学びます。明治維新以降、日本は急速に近代......,1800002351012026180000235118
2026,CMFE161L,グローバルラーニング（メディアとしての声） Ａ,堀内　彩虹,社学,春学期,水２時限,３-７０４,人間の声は、文字と並んで言語を伝える媒体であるだけでなく、個人を特定する情......,1800002352012026180000235218
2026,PHLW141L,グローバルラーニング（コミュニケーションにおける声と身体） Ａ,堀内　彩虹,社学,春学期,金２時限,１４-４０４,他者の声を聴く経験は、聴覚の働きだけではなく、身体の複雑な関与によって成り......,1800002353012026180000235318
2026,PHLW251L,社会科学特講（音声の美学） Ａ,堀内　彩虹,社学,春学期,水３時限,１４-１０１,美学というと芸術作品や美しいものを対象とする学問ととらえられがちだが、私た......,1800002354012026180000235418
2026,HISA141L,Japan and World War II: Historical Controversies,ホートン　ウィリアム　ブラッドリー,社学,春学期,土３時限,１４-４０４,"【CJSP/TAISI Course】 During the last 75+ years, Japan has never entirely ......",18G000000401202618G000000418
2026,GSSD101L,"Trans-Pacific Perspectives on Race, Ethnicity, and Migration",篠田　徹,社学,夏クォーター,01:土１時限 02:土２時限,01:- 02:-,"Who give us this day our daily breads? The Lord's Prayer says, ""Our Father......",18G000000901202618G000000918
2026,CMFC181L,Cultural Politics of Japan,山本　まゆみ,社学,春学期,金４時限,１４-４０７,【CJSP/TAISI Course】 Arts have been some of the cultural forms which are......,18G000002001202618G000002018
2026,ECNA161L,"Global Food Security : Climate Change, Food, and Agriculture",弦間　正彦,社学,春学期,無フルOD,-,This course is offered in the online on-demand setting. 【CJSP/TAISI Cou......,18G000002101202618G000002118
2026,CMFC101L,Introduction to Manga and Anime Culture,重松　優,社学,春学期,月３時限,１４-５０１,【TAISI Course】Manga and anime were considered to be an insignificant set......,18G000002801202618G000002818
2026,CMFC131L,Women in Modern Japan: Contemporary Japanese Women,ホートン　ウィリアム　ブラッドリー,社学,春学期,土４時限,１４-４０４,"【CJSP/TAISI Course】 During the postwar era, social and economic changes ......",18G000003501202618G000003518
2026,ECNT111L,Game Theory,笠島　洋一,社学,春学期,木１時限,１４-４０３,【CJSP/TAISI Course】 This course aims to provide the basics of game theor......,18G000004101202618G000004118
2026,ENVV101L,Disaster Studies,重松　優,社学,春学期,月４時限,１４-４０３,"【TAISI Course】 What did we learn from 3.11, the catastrophic tsunami and......",18G000004501202618G000004518
2026,GSSH101P,Urban History of Tokyo,佐藤　洋一,社学,春学期,水５時限,１４-５０２,【CJSP/TAISI Course】 This course is an overview of the history of modern ......,18G000005101202618G000005118
2026,ECNT131L,Japanese Economic History (Introductory)　０１,鎮目　雅人,社学,春クォーター,01:火１時限 02:火２時限,01:３-４０２ 02:３-４０２,"In this course, students will learn the basic facts of modern Japanese eco......",18G000005201202618G000005218
2026,ECNT211L,Microeconomics I　０１,ヴェステグ　ロベルト　フェレンツ,社学,春学期,火３時限,３-７０１,Microeconomics is the study of rational choice behaviors of individual con......,18G000006601202618G000006618
2026,ECNT211L,Macroeconomics I　０２,チョ　インファン,社学,春学期,水３時限,３-４０５,This course introducesstudents to (i) the fundamental data of macroeconomi......,18G000006702202618G000006718
2026,ARSA181L,War and Japan,奥迫　元,社学,春学期,水３時限,１４-５０１,【CJSP/TAISI Course】 This course deals with major issues on how Japan ha......,18G000007701202618G000007718
2026,SOCX171L,Contemporary Social Affairs 1,ヤン　マニュエル　ミナミ,社学,春学期,火３時限,１５-０３,"""War is hell,"" said General William Tecumseh Sherman. He knew exactly what......",18G000010001202618G000010018
2026,ARSA181L,Contemporary Japanese Society,寺尾　範野,社学,春学期,木２時限,１４-５１４,【CJSP/TAISI Course】 This course examines various aspects of contemporar......,18G000011701202618G000011718
2026,GSSF101L,Introduction to Rural Development,落合　基継,社学,春学期,水４時限,１５-０２,【TAISI Course】 Rural development faces the paradigm change because of d......,18G000012101202618G000012118
2026,POLX141L,Foreign Affairs,若林　啓史,社学,春学期,金２時限,１４-６０４,"1 An introduction to elements of world politics: actors, systems and envir......",18G000013701202618G000013718
2026,GSSG101L,Introduction to Social Business Cooperation,下田　恭美,社学,春学期,火４時限,１４-５１６,"This course introduces the field of social businesses, which aims not to......",18G000014201202618G000014218
2026,GSSG101L,Theories of Social Business Cooperation,下田　恭美,社学,春学期,水３時限,７-２１２,This course aims to develop students' knowledge of theories and ideas th......,18G000014301202618G000014318
2026,GSSG101P,Social Business Cooperation Projects,下田　恭美,社学,春学期,水４時限,７-３０３,The international collaboration between business and development activiti......,18G000014601202618G000014618
2026,BSPX101S,Freshman Seminar (Spring) Ａ,下田　恭美／遠藤　晶久／北村　能寛／小阪　玄次郎／益子　智之／寺尾　範野／戸田　学／中橋　渉／小山　淑子／花光　里香／堀　芳枝／利根川　佳子,社学,春学期,火３時限,１４-５１５,【TAISI Course】 This course will include lectures from different professo......,18G000015301202618G000015318
2026,BSPX101S,Freshman Seminar (Spring) Ｂ,下田　恭美／遠藤　晶久／北村　能寛／小阪　玄次郎／益子　智之／寺尾　範野／戸田　学／中橋　渉／小山　淑子／花光　里香／堀　芳枝／利根川　佳子,社学,春学期,火３時限,１４-５１５,【TAISI Course】 This course will include lectures from different professo......,18G000015302202618G000015318
2026,SOCX171L,Japanese Studies,ローズ　ミーガン　キャサリン,社学,春学期,月５時限,-,"This course will introduce students to major themes in modern Japan, focus......",18G000016301202618G000016318
2026,ARSE181L,Southeast Asian Studies,堀　芳枝,社学,春クォーター,01:火２時限 02:金２時限,01:１４-４０７ 02:１４-４０７,【CJSP/TAISI Course】 Amid intensifying strategic competiti......,18G000016401202618G000016418
2026,MANX121L,International Human Resource Management,鄭　有希,社学,春クォーター,01:水２時限 02:水３時限,01:１４-５０２ 02:１４-５０２,【CJSP/TAISI Course】 This course introduces students to the fundamental c......,18G000016601202618G000016618
2026,LNGA101L ANTV181L SOCX181L,Sociolinguistics and Multilingualism,ハウザー　エリック　キース,社学,春学期,木１時限,１４-４０５,【CJSP/TAISI Course】 Sociolinguistics is a subfield of linguistics that ......,18G000016701202618G000016718
2026,ARSA181L,Development and Society,赤嶺　淳,社学,春クォーター,01:火３時限 02:火４時限,01:１４-４０８ 02:１４-４０８,【TAISI Course】 Contemporarydebates over whaling have largely been reduce......,18G000017801202618G000017818
2026,BSPX201S,Sophomore Seminar (Spring) Ａ,香川　めぐみ,社学,春学期,月３時限,７-３０８,The learning objectives of this seminarare: 1)     1) to understand sociol......,18G000018001202618G000018018
2026,BSPX201S,Sophomore Seminar (Spring) Ｂ,香川　めぐみ,社学,春学期,月４時限,７-３０５,The learning objectives of this seminar are: 1)  to understand sociologic......,18G000018002202618G000018018
2026,ARSA181L,Japan in the World １: Japanese Interactions with Europe and America,ローズ　ミーガン　キャサリン,社学,春学期,月６時限,-,The spring portion of this course will examine how Japan has been involved......,18G000018601202618G000018618
2026,ECNA111L,Globalization,チェスノコバ　タチャナ,社学,春学期,火３時限,７-３０５,【CJSP/TAISI Course】 This is an introductory course in globalization iss......,18G000018801202618G000018818
2026,MANX241L CMMI271L CMMI201L,International Business,長谷川　信次,社学,春学期,火３時限,１４-４０１,"【CJSP/TAISI Course】 Traditionally, foreign markets for companies were......",18G000020101202618G000020118
2026,ECNT121L,"Regression Analysis for Social Sciences 1: Basics of Regression Analysis, Analysis of Cross-Sectional Data",荒井　洋一,社学,春クォーター,01:水１時限 02:無フルOD,01:１４-５１４ 02:-,【TAISI Course】 Regression analysis enables us to understand what is hap......,18G000020201202618G000020218
2026,ECNT121L,Regression Analysis for Social Sciences 2: Analysis of Time Series and Panel Data,荒井　洋一,社学,夏クォーター,01:水１時限 02:無フルOD,01:１４-５１４ 02:-,【TAISI Course】 Regression analysis enables us to understand what is hap......,18G000020301202618G000020318
2026,ECNT201L ECNA211L ECNA231L,Economic Growth,及川　浩希,社学,春クォーター,01:月３時限 02:無フルOD,01:14-805共同利用研究室６ 02:-,How does economic growth occur? Why do such vast disparities in wealth exi......,18G000020401202618G000020418
2026,GSSC201P,Global Labor Governance 2,篠田　徹,社学,夏クォーター,01:火１時限 02:火２時限,01:- 02:-,Change Notice: We are going to study labor governance of Indiana and the w......,18G000020601202618G000020618
2026,GSSC201P,The World of Cooperative Commonwealth 2,篠田　徹,社学,夏クォーター,01:木１時限 02:木２時限,01:- 02:-,We are going to study of how to develop the community of Richmond (Indiana......,18G000020801202618G000020818
2026,GSSA221P,The World of Labor Film 2,篠田　徹,社学,夏クォーター,01:金１時限 02:金２時限,01:- 02:-,Because we still have three months before this course begin and I have mor......,18G000021001202618G000021018
2026,GSSD101P,Building Local Peace: Field Work Practice,香川　めぐみ,社学,夏季集中,無その他,-,【TAISI Course】This course provides an opportunity to ‘feel’ the reality ......,18G000021501202618G000021518
2026,MANX281L GSSC201L GSSD201L,Organizational Innovation ２,好川　透,社学,春学期,月３時限,１４-５１４,"In this class, students will explore different types of organizational inn......",18G000022101202618G000022118
2026,INTB181L,"Liberal, Post-Liberal and Everyday Peacebuilding",香川　めぐみ,社学,春学期,火２時限,14-510共同利用研究室５,"* Please read the Remarks section before you register, especially ""A Matri......",18G000022701202618G000022718
2026,INTB131L,Critical Development Studies,小山　淑子,社学,春クォーター,01:月３時限 02:月４時限,01:１４-４０５ 02:１４-４０５,This course provides students with an overviewof the field of Critical Dev......,18G000023201202618G000023218
2026,MANX151L SOCX151L,Social Innovation in Global Asia,小山　淑子,社学,春クォーター,01:水３時限 02:水４時限,01:３-２０２（CTLT Classroom2） 02:３-２０２（CTLT Classroom2）,This course gives students the opportunity todevelop their innovative idea......,18G000023301202618G000023318
2026,GDRX101L SOCX181L GSSA111L,Sociology of Gender,釜野　さおり,社学,春学期,水２時限,３-２０３（CTLT Classroom3）,This course gives an overview of contemporary issues in gender and sexuali......,18G000023401202618G000023418
2026,GSSH201L ADEX251L,"Community Design: History, Method and Practice",益子　智之,社学,春クォーター,01:水２時限 02:水３時限,01:７-２０８ 02:７-２０８,Community design is a social and design movement that was first proposed i......,18G000023501202618G000023518
2026,INTB121L,The Psychology of Peacebuilding,香川　めぐみ,社学,春学期,月２時限,１４-６０４,"What causes violence, and what can be doneto counter it? This course discu......",18G000023801202618G000023818
2026,MDAX101L,Sociology of Media,佐藤　信吾,社学,春学期,火２時限,１１-８１９,This course aims to provide a foundational understanding of media sociolog......,18G000024301202618G000024318
2026,GSSD101L,Global Lab 1: Preparation & Research Design,早田　宰／堀　芳枝／北村　能寛／山田　寛邦,社学,集中講義（春学期）,無その他,３-２０１（CTLT Classroom1）,"Course Overview Enrollment in Global Lab 1 is recommended, though not req......",18G000024501202618G000024518
2026,GSSD101P,Global Lab 2: Field Inquiry  (Hong Kong – Social Innovation),北村　能寛／早田　宰／山田　寛邦／劉　雨迪,社学,集中講義（春学期）,無その他,-,This course is a two-week intensive field program jointly conducted by Was......,18G000024601202618G000024618
2026,GSSD101P,Global Lab 3: Field Inquiry  (Taiwan–Community Resilience),早田　宰／江　正殷,社学,集中講義（春学期）,無その他,-,This course is an intensive international field laboratory conducted in Qi......,18G000024701202618G000024718
